dataset,split,model,seed,train_accuracy,train_f1,train_mcc,train_auprc,train_auroc,valid_accuracy,valid_f1,valid_mcc,valid_auprc,valid_auroc,test_accuracy,test_f1,test_mcc,test_auprc,test_auroc,train_brier,train_nll,train_ece,valid_brier,valid_nll,valid_ece,test_brier,test_nll,test_ece,train_mae,train_rmse,train_r2,valid_mae,valid_rmse,valid_r2,test_mae,test_rmse,test_r2,best_epoch,train_loss,train_runtime,train_samples_per_second,train_steps_per_second,train_epoch,valid_loss,valid_runtime,valid_samples_per_second,valid_steps_per_second,valid_epoch,test_loss,test_runtime,test_samples_per_second,test_steps_per_second,test_epoch
ClinTox,scaffold,xgboost,42,0.9974293059125964,0.98159509202454,0.980405674773598,0.9921643367108988,0.998577335170942,0.9383561643835616,0.0,-0.0299850112406331,0.1619164619164619,0.8547619047619047,0.9246575342465754,0.4761904761904761,0.4713132776532165,0.4713603212157231,0.7646103896103896,0.0043774722289284,0.0265674046468677,0.0182243762314383,0.0510707049272738,0.1770566770846623,0.0490153842822533,0.0718408922557169,0.3227347071914991,0.0685111959401058,,,,,,,,,,,,,,,,,,,,,,,,,
ClinTox,scaffold,xgboost,123,0.9974293059125964,0.98159509202454,0.980405674773598,0.9921706053640448,0.998632908015827,0.9383561643835616,0.0,-0.0299850112406331,0.171541371869652,0.8630952380952381,0.9315068493150684,0.5,0.5184917989895885,0.4742147052146778,0.7813852813852814,0.0043373752594217,0.0263683603033596,0.0180368810962333,0.0463410808095101,0.1613580460718152,0.0473662173273424,0.0689710936808077,0.3072058092032505,0.0665911965021123,,,,,,,,,,,,,,,,,,,,,,,,,
ClinTox,scaffold,xgboost,3407,0.9974293059125964,0.98159509202454,0.980405674773598,0.9925609948659424,0.9987551682745744,0.9383561643835616,0.0,-0.0299850112406331,0.1481177606177606,0.8511904761904762,0.9246575342465754,0.4761904761904761,0.4713132776532165,0.4898916347035538,0.7608225108225108,0.0043727701612925,0.0264284103093661,0.0180981728585872,0.0497175892792166,0.1737294348589928,0.049338696345891,0.0718293703590005,0.322903761441132,0.0682397664920107,,,,,,,,,,,,,,,,,,,,,,,,,
ClinTox,scaffold,xgboost,9999,0.996572407883462,0.9753086419753086,0.973811037949809,0.9924301527661884,0.9986940381452007,0.9383561643835616,0.0,-0.0299850112406331,0.1612662929725748,0.8642857142857143,0.9315068493150684,0.5,0.5184917989895885,0.4790895174028735,0.7532467532467533,0.004380153300284,0.0264438495036951,0.0180286977363506,0.0486241688190172,0.1652381890545272,0.0568214421964263,0.0720231626703384,0.3281094358639994,0.0753410689736882,,,,,,,,,,,,,,,,,,,,,,,,,
ClinTox,scaffold,xgboost,2024,0.9974293059125964,0.98159509202454,0.980405674773598,0.992755991801705,0.9988329702574134,0.9315068493150684,0.0,-0.0347454092041608,0.1545162045162045,0.8595238095238096,0.9315068493150684,0.5,0.5184917989895885,0.4804593868711386,0.7608225108225107,0.0043586235551823,0.026242585661417,0.0179223595402541,0.0499947195124241,0.1721550829661411,0.0525005552662561,0.0693285342591753,0.3193231919851547,0.0723965867511825,,,,,,,,,,,,,,,,,,,,,,,,,
ClinTox,scaffold,random_forest,42,0.998286203941731,0.988095238095238,0.9872532511893478,0.9989905903598948,0.9999333125861378,0.952054794520548,0.0,-0.0171920476518375,0.0876446346079114,0.6642857142857144,0.9041095890410958,0.0,0.0,0.4770615326187252,0.762987012987013,0.0072972789494981,0.0442435998283519,0.0374393236854211,0.0460426900589914,0.1894352831864139,0.0492734569125395,0.0740565956867525,0.2654708935699051,0.0380068452749057,,,,,,,,,,,,,,,,,,,,,,,,,
ClinTox,scaffold,random_forest,123,0.998286203941731,0.988095238095238,0.9872532511893478,0.9995713541622194,0.999977770862046,0.952054794520548,0.0,-0.0171920476518375,0.0887463840420829,0.6720238095238096,0.9041095890410958,0.0,0.0,0.488958338304712,0.7751623376623376,0.0073602074700982,0.0450593462684602,0.0389550587698157,0.0463083613844107,0.1908220111791241,0.0519563080134828,0.0742123245894343,0.2646334000295456,0.0391863953907626,,,,,,,,,,,,,,,,,,,,,,,,,
ClinTox,scaffold,random_forest,3407,0.998286203941731,0.988095238095238,0.9872532511893478,0.998972570682561,0.999933312586138,0.952054794520548,0.0,-0.0171920476518375,0.0896302764544512,0.6636904761904762,0.910958904109589,0.1333333333333333,0.2549992755712689,0.5178395819323752,0.7878787878787878,0.0075417516449125,0.0454044016520339,0.0384001102848564,0.0458663138991659,0.1888998802378994,0.050967835640925,0.0730555733058524,0.2598263352550209,0.0372315304044284,,,,,,,,,,,,,,,,,,,,,,,,,
ClinTox,scaffold,random_forest,9999,0.998286203941731,0.988095238095238,0.9872532511893478,0.998665405817814,0.9999110834481838,0.952054794520548,0.0,-0.0171920476518375,0.0945973550638622,0.7035714285714286,0.9041095890410958,0.0,0.0,0.490944786568629,0.7732683982683982,0.0076337748387501,0.0455765948027145,0.0388675427449406,0.0453016715076811,0.1850755942755784,0.0472803795840503,0.0744186400543012,0.2648884730980582,0.0332915727187652,,,,,,,,,,,,,,,,,,,,,,,,,
ClinTox,scaffold,random_forest,2024,0.998286203941731,0.988095238095238,0.9872532511893478,0.9995713541622194,0.999977770862046,0.952054794520548,0.0,-0.0171920476518375,0.0913631276590561,0.6761904761904762,0.910958904109589,0.1333333333333333,0.2549992755712689,0.5023949014704411,0.7616341991341992,0.0072758980462544,0.0450762187944949,0.0390215809413884,0.046231968558063,0.1901491468305565,0.0515462173459735,0.072787199688481,0.2638663204372158,0.039087411031671,,,,,,,,,,,,,,,,,,,,,,,,,
ClinTox,random,xgboost,42,0.9974293059125964,0.9803921568627452,0.9792327978363524,0.9920938224735693,0.998722657813567,0.9379310344827586,0.5714285714285714,0.611637735448411,0.7161993250761187,0.8266666666666667,0.9455782312925172,0.4285714285714285,0.4529873504708391,0.4839754543701912,0.8613138686131387,0.0041580041539972,0.0250888221815963,0.0176560043252768,0.050935003263829,0.2641103232824801,0.0467679772076421,0.0506872189456408,0.2017510397241859,0.0432815705584425,,,,,,,,,,,,,,,,,,,,,,,,,
ClinTox,random,random_forest,42,0.998286203941731,0.9873417721518988,0.9865137436402924,0.9995151216305062,0.999976454521909,0.9172413793103448,0.3333333333333333,0.4279002121398116,0.7191611116570118,0.8302564102564102,0.9455782312925172,0.3333333333333333,0.4347016416363979,0.4615498453599986,0.8781021897810218,0.0078505262704869,0.046937947855815,0.0397410583821409,0.0627063662215763,0.2325264970983024,0.0348767430838819,0.0507897737140817,0.181228838169233,0.0302449363130972,,,,,,,,,,,,,,,,,,,,,,,,,
Solubility,scaffold,xgboost,42,,,,,,,,,,,,,,,,,,,,,,,,,0.6953493669982539,0.9626152680655272,0.8362843716971248,1.291215751638896,1.6838369338631285,0.4053956354299984,1.4694867086158336,1.8860449836987152,0.3167898346824526,,,,,,,,,,,,,,,,
Solubility,scaffold,xgboost,123,,,,,,,,,,,,,,,,,,,,,,,,,0.6914439867578621,0.95698865745256,0.8381926562644317,1.3041262577473012,1.7077232795183566,0.3884062654273922,1.476342886420318,1.901755566135932,0.3053602719790306,,,,,,,,,,,,,,,,
Solubility,scaffold,xgboost,3407,,,,,,,,,,,,,,,,,,,,,,,,,0.6965044007267209,0.9640925540278432,0.8357814908685578,1.302080820322055,1.698796410684167,0.3947835836341364,1.468344369458839,1.8794420707525092,0.3215652039072889,,,,,,,,,,,,,,,,
Solubility,scaffold,xgboost,9999,,,,,,,,,,,,,,,,,,,,,,,,,0.6914874584931384,0.9564429566093716,0.8383771375080762,1.300777847950938,1.6949846952964442,0.397496474498701,1.4694451112931868,1.8964378852766568,0.3092395381227063,,,,,,,,,,,,,,,,
Solubility,scaffold,xgboost,2024,,,,,,,,,,,,,,,,,,,,,,,,,0.6952351940374897,0.960599268643722,0.8369693909595894,1.2995480616636106,1.6906722394697158,0.4005584071866367,1.480432199758722,1.9022953705558276,0.3049658755394657,,,,,,,,,,,,,,,,
Solubility,scaffold,random_forest,42,,,,,,,,,,,,,,,,,,,,,,,,,0.3437156027896663,0.5098828940670971,0.95406692376459,1.3734497685587796,1.828993294842829,0.2984602932183948,1.5569901363063594,2.026794624112159,0.2110132437945109,,,,,,,,,,,,,,,,
Solubility,scaffold,random_forest,123,,,,,,,,,,,,,,,,,,,,,,,,,0.3435186411377497,0.5096870763366484,0.9541021976821866,1.3695365750888258,1.8280969301257248,0.2991477548408453,1.551435141127543,2.0227038398475288,0.2141949351002492,,,,,,,,,,,,,,,,
Solubility,scaffold,random_forest,3407,,,,,,,,,,,,,,,,,,,,,,,,,0.3435949205814465,0.510815508967818,0.9538987398591978,1.3719781915298943,1.8280720682677127,0.2991668176927473,1.5561145926197448,2.0270894543276743,0.2107836852081849,,,,,,,,,,,,,,,,
Solubility,scaffold,random_forest,9999,,,,,,,,,,,,,,,,,,,,,,,,,0.3426789094532727,0.5085898773739552,0.9542995925925694,1.3720366318321824,1.8312048556210567,0.2967627083062892,1.5478274338849611,2.019237118358924,0.2168862167097817,,,,,,,,,,,,,,,,
Solubility,scaffold,random_forest,2024,,,,,,,,,,,,,,,,,,,,,,,,,0.343931529636213,0.5105688268318898,0.9539432553884308,1.3732776101236834,1.8309914197497767,0.2969266302360439,1.555964981867301,2.022947095642193,0.2140059176811368,,,,,,,,,,,,,,,,
Solubility,random,xgboost,42,,,,,,,,,,,,,,,,,,,,,,,,,0.7356920373382365,1.0041983612197922,0.8213870752610468,0.9868112324121828,1.340734879919769,0.6783737723805734,1.0282083063848069,1.386656497837024,0.6381580105298557,,,,,,,,,,,,,,,,
Solubility,random,random_forest,42,,,,,,,,,,,,,,,,,,,,,,,,,0.3707923182029698,0.5394550333648999,0.9484552586575558,0.9480399395219996,1.3406738541860916,0.6784030503983471,0.967780256073456,1.3341378319794095,0.6650479967290766,,,,,,,,,,,,,,,,
Tox21_SR-p53,scaffold,xgboost,42,0.9782247647167374,0.7216981132075472,0.7417585758712446,0.909075209275634,0.989747739582659,0.8877400295420975,0.05,0.0946907898452729,0.2818251948607519,0.7019660215430423,0.8849557522123894,0.1875,0.1927179938720106,0.3373437316691453,0.7608531235819092,0.0166344390806782,0.066246155392387,0.0259714244474237,0.0960455222171819,0.3787892369388233,0.0651653568278255,0.0948445312522326,0.3532983902936336,0.0668474096574087,,,,,,,,,,,,,,,,,,,,,,,,,
Tox21_SR-p53,scaffold,xgboost,123,0.9773020852555824,0.7078384798099763,0.7290355166602382,0.9087792080968226,0.989835854498896,0.8906942392909897,0.119047619047619,0.177612609588712,0.3058112636853276,0.7081399422015939,0.8864306784660767,0.1720430107526881,0.1893431898377415,0.3456594831182951,0.7529874451671457,0.0167057986063539,0.06658989191803,0.0264221608228355,0.0947395601477302,0.372436957608265,0.0652111665740543,0.0936039650087667,0.3528309282680601,0.0647226241266129,,,,,,,,,,,,,,,,,,,,,,,,,
Tox21_SR-p53,scaffold,xgboost,3407,0.9769330134711202,0.7002398081534772,0.7239857900396345,0.9005492649543354,0.9886234651820204,0.8906942392909897,0.119047619047619,0.177612609588712,0.2843817056180728,0.7009808214379544,0.8864306784660767,0.1720430107526881,0.1893431898377415,0.3306905099419286,0.748427944767379,0.0170849240010223,0.0679444918262447,0.0253783163610618,0.0955088435513037,0.3765062338387044,0.067865386770342,0.0947017063190969,0.3551436264536052,0.0698541970731234,,,,,,,,,,,,,,,,,,,,,,,,,
Tox21_SR-p53,scaffold,xgboost,9999,0.976563941686658,0.6954436450839329,0.7187650814201233,0.9041268562596474,0.9895391410054452,0.8906942392909897,0.119047619047619,0.177612609588712,0.2859833026472293,0.7035204483755145,0.887905604719764,0.1914893617021276,0.2101839937849674,0.332085177396932,0.7502863193379,0.0169399467138737,0.0671130387445531,0.0259107957331319,0.0950876002900772,0.3758464011201248,0.0665905715944451,0.0946730990274585,0.3570009743376758,0.0684868836649048,,,,,,,,,,,,,,,,,,,,,,,,,
Tox21_SR-p53,scaffold,xgboost,2024,0.9782247647167374,0.7216981132075472,0.7417585758712446,0.9122069845333204,0.9900092071096148,0.8892171344165436,0.0963855421686747,0.1486717445340138,0.2847246638977225,0.7059506086347317,0.8864306784660767,0.1720430107526881,0.1893431898377415,0.3406709520557224,0.7523823929813946,0.0165035313040576,0.0657300902376465,0.0257000039687542,0.095884390711239,0.3790588344917359,0.0708313978894818,0.0940169918455434,0.3548746320687564,0.0649959641209306,,,,,,,,,,,,,,,,,,,,,,,,,
Tox21_SR-p53,scaffold,random_forest,42,0.9988927846466138,0.989010989010989,0.9884942725254788,0.9998643075263216,0.9999949648619294,0.8921713441654358,0.0759493670886076,0.1876122184880383,0.3602688446659551,0.7621617479639198,0.8938053097345132,0.1219512195121951,0.2408071309841123,0.3868520661148374,0.7543488125850855,0.0053437637489055,0.0308862780545049,0.0269016477349953,0.0903574950990195,0.3119289834658966,0.0386705013548569,0.0875661832114543,0.3084820633676307,0.0300387680673236,,,,,,,,,,,,,,,,,,,,,,,,,
Tox21_SR-p53,scaffold,random_forest,123,0.9988927846466138,0.989010989010989,0.9884942725254788,0.9992320103909736,0.9999647540335052,0.8906942392909897,0.0512820512820512,0.1530712227045727,0.3443035995922578,0.7580786408617216,0.8938053097345132,0.1219512195121951,0.2408071309841123,0.3725728533617976,0.7453918793353069,0.0053292618660329,0.0310552313053493,0.0266117408244956,0.0910658798999866,0.3160066347323494,0.0407248192659225,0.0884574663814952,0.3128628996829518,0.0307830525845916,,,,,,,,,,,,,,,,,,,,,,,,,
Tox21_SR-p53,scaffold,random_forest,3407,0.9988927846466138,0.989010989010989,0.9884942725254788,0.9998364597364784,0.999993526251052,0.8921713441654358,0.0759493670886076,0.1876122184880383,0.3339377582077308,0.7553748139066467,0.8938053097345132,0.1219512195121951,0.2408071309841123,0.3693522949185187,0.7424638589364045,0.0052937546625816,0.0310267316499991,0.0269394784450609,0.090813362626199,0.3150621557518605,0.0396139163645597,0.0883438322519436,0.3119749655282973,0.0312822167474803,,,,,,,,,,,,,,,,,,,,,,,,,
Tox21_SR-p53,scaffold,random_forest,9999,0.9988927846466138,0.989010989010989,0.9884942725254788,0.9999057672809686,0.9999971227782454,0.8921713441654358,0.0759493670886076,0.1876122184880383,0.3499191219048542,0.7460044662404764,0.8938053097345132,0.1219512195121951,0.2408071309841123,0.3833027441205272,0.741653521187631,0.0053466356119045,0.0309098533437543,0.0269967893986115,0.0907730057393934,0.3157345457650186,0.0367697047991744,0.0881482341763199,0.3107857803261704,0.034410293756239,,,,,,,,,,,,,,,,,,,,,,,,,
Tox21_SR-p53,scaffold,random_forest,2024,0.9988927846466138,0.989010989010989,0.9884942725254788,0.9998223784071004,0.9999928069456132,0.8921713441654358,0.0759493670886076,0.1876122184880383,0.3472130802243064,0.7578378141693669,0.8938053097345132,0.1219512195121951,0.2408071309841123,0.3771498268594582,0.7423450093999179,0.0053362342598061,0.0310957655297819,0.0266701648883796,0.0903992706485931,0.3124491005932316,0.0378053104841443,0.0883048534094754,0.311147636237585,0.0315356695037207,,,,,,,,,,,,,,,,,,,,,,,,,
Tox21_SR-p53,random,xgboost,42,0.9721350802731132,0.7145557655954632,0.7337604876433759,0.928674426724972,0.9898505911318608,0.948301329394387,0.1860465116279069,0.2214058511021842,0.3086841923675029,0.7804850912327547,0.9292035398230089,0.2258064516129032,0.2517272780207767,0.395607374143251,0.831413646539697,0.0201906557534975,0.0804623924115825,0.0378587163863097,0.0429659584040403,0.1703414607898743,0.0146100076556513,0.0556930391156138,0.2051755132180301,0.025463481947428,,,,,,,,,,,,,,,,,,,,,,,,,
Tox21_SR-p53,random,random_forest,42,0.999815464107769,0.998522895125554,0.998425719023062,0.9999571242368114,0.9999985483009316,0.948301329394387,0.054054054054054,0.1102098142998617,0.3198177314599702,0.8542278593680463,0.9321533923303836,0.2068965517241379,0.2662501611088947,0.4179751137579418,0.8373187112682912,0.0065470729877781,0.038657519548714,0.0343214421998184,0.0419664734459788,0.1571468049674576,0.0181852050214316,0.0536426393612429,0.1983215247775784,0.0144106754555454,,,,,,,,,,,,,,,,,,,,,,,,,
Lipophilicity,scaffold,xgboost,42,,,,,,,,,,,,,,,,,,,,,,,,,0.3113484965808179,0.4052468845094726,0.8873864898334568,0.7095579539533882,0.91484364586492,0.3946765643427691,0.6811525605635806,0.8842659146496404,0.4469857201747714,,,,,,,,,,,,,,,,
Lipophilicity,scaffold,xgboost,123,,,,,,,,,,,,,,,,,,,,,,,,,0.3092194604096308,0.4013745253048743,0.8895283765994942,0.7159351871155558,0.9225898409848592,0.3843823360398185,0.6837955421695396,0.8840521162231412,0.4472531041994202,,,,,,,,,,,,,,,,
Lipophilicity,scaffold,xgboost,3407,,,,,,,,,,,,,,,,,,,,,,,,,0.3107683618531639,0.4028338547430672,0.8887236042178213,0.7203667358952974,0.9237806186314969,0.3827921671486692,0.6846121742484115,0.8870918566887531,0.4434454197824776,,,,,,,,,,,,,,,,
Lipophilicity,scaffold,xgboost,9999,,,,,,,,,,,,,,,,,,,,,,,,,0.3124588214127303,0.4056924896366767,0.887138696457255,0.7143996684778305,0.917259240586883,0.3914756970606384,0.6947917351296969,0.8994164404313929,0.4278732950504822,,,,,,,,,,,,,,,,
Lipophilicity,scaffold,xgboost,2024,,,,,,,,,,,,,,,,,,,,,,,,,0.3091545214152179,0.4017276737803196,0.889333894659944,0.7240477123994026,0.9219757895780736,0.3852015410114175,0.6912846320217386,0.8938981044275282,0.4348722820613693,,,,,,,,,,,,,,,,
Lipophilicity,scaffold,random_forest,42,,,,,,,,,,,,,,,,,,,,,,,,,0.2184313821830124,0.2940025112401736,0.9407275053460364,0.7361182091836735,0.9417056029918036,0.3586072520295337,0.7373999208685497,0.962009792711872,0.345469992488736,,,,,,,,,,,,,,,,
Lipophilicity,scaffold,random_forest,123,,,,,,,,,,,,,,,,,,,,,,,,,0.2178633196838713,0.2924358477812946,0.9413575179094203,0.7314879741496599,0.9387774949670212,0.3625897014203905,0.7397200380196526,0.966235395073212,0.3397073528949568,,,,,,,,,,,,,,,,
Lipophilicity,scaffold,random_forest,3407,,,,,,,,,,,,,,,,,,,,,,,,,0.218698624515564,0.2947355800141266,0.9404315555927648,0.733942152248677,0.9423578657346358,0.3577184360834475,0.7409589794784583,0.9665078371681178,0.3393349449408064,,,,,,,,,,,,,,,,
Lipophilicity,scaffold,random_forest,9999,,,,,,,,,,,,,,,,,,,,,,,,,0.2168330596152857,0.2923677433658677,0.941384828835488,0.7354097909486016,0.9427430058866872,0.3571933299051651,0.739679606443689,0.9688086347529764,0.3361857395809067,,,,,,,,,,,,,,,,
Lipophilicity,scaffold,random_forest,2024,,,,,,,,,,,,,,,,,,,,,,,,,0.217892017894077,0.2931284668303854,0.941079405632865,0.7340706154761902,0.9413842230398002,0.3590449590928298,0.7362458837576447,0.9643997237434282,0.3422138413175617,,,,,,,,,,,,,,,,
Lipophilicity,random,xgboost,42,,,,,,,,,,,,,,,,,,,,,,,,,0.3175218290564391,0.410258861283767,0.8806252118888922,0.6829415257566033,0.8827882929605004,0.5115339589809231,0.6123303122039707,0.8106815533606115,0.5863709924222719,,,,,,,,,,,,,,,,
Lipophilicity,random,random_forest,42,,,,,,,,,,,,,,,,,,,,,,,,,0.2246405520463997,0.2982544670384499,0.9369085386136684,0.6891190490929707,0.9002560517475685,0.4920121267431231,0.6411080673658348,0.8726155683497185,0.5207564020770283,,,,,,,,,,,,,,,,
BBBP,scaffold,xgboost,42,0.980379746835443,0.987195373812474,0.9457903343900556,0.9995753725497154,0.9986455877797524,0.868020304568528,0.9182389937106918,0.600938442555464,0.9364484165342076,0.8842499280161245,0.8585858585858586,0.9113924050632912,0.5902781554492853,0.948288174094286,0.865360909464457,0.0187951348504647,0.0854102827542211,0.0526591459407082,0.0973609077162677,0.3521177555724709,0.0701234129252772,0.1212260655096002,0.4010224502895747,0.0872396565597466,,,,,,,,,,,,,,,,,,,,,,,,,
BBBP,scaffold,xgboost,123,0.9791139240506328,0.9863805200165084,0.942269324375423,0.999565696522552,0.9986148306490412,0.868020304568528,0.9182389937106918,0.600938442555464,0.9381727013093116,0.8764756694500432,0.8333333333333334,0.8958990536277602,0.5084027920333509,0.9510990413085472,0.8681002602383235,0.0189201047818475,0.085876018184082,0.0528667388554615,0.1011407891716973,0.3620232921074715,0.0596525541643805,0.125012817686003,0.4064031070765836,0.0890824495617187,,,,,,,,,,,,,,,,,,,,,,,,,
BBBP,scaffold,xgboost,3407,0.9791139240506328,0.9863805200165084,0.942269324375423,0.9995591239447928,0.9986016490215937,0.868020304568528,0.9182389937106918,0.600938442555464,0.9424821280007968,0.8784912179671753,0.8484848484848485,0.9044585987261148,0.560025240591874,0.9479975816658206,0.8598822079167238,0.0190645444687176,0.0867185272515898,0.0536562205021139,0.100994269536325,0.3568770632222787,0.0657683116984246,0.1247551575666818,0.4097883003921489,0.0978518732719951,,,,,,,,,,,,,,,,,,,,,,,,,
BBBP,scaffold,xgboost,9999,0.980379746835443,0.987205943045811,0.945810022182474,0.9995726137301536,0.9986389969660288,0.868020304568528,0.9182389937106918,0.600938442555464,0.9349583944703586,0.8796429599769652,0.8535353535353535,0.907936507936508,0.5748609645468302,0.9506446686283068,0.8675523900835502,0.0187015951137226,0.0850806406268626,0.0519234252079755,0.1000785096203397,0.3578197562896752,0.0657331327137154,0.1231782236978431,0.4009298377828695,0.0794397254634385,,,,,,,,,,,,,,,,,,,,,,,,,
BBBP,scaffold,xgboost,2024,0.9791139240506328,0.9863805200165084,0.942269324375423,0.9995515635110992,0.9985752857666984,0.8730964467005076,0.9211356466876972,0.6182009699397716,0.9362882928799692,0.8794989922257415,0.8585858585858586,0.910828025477707,0.5914285251110445,0.951050799816213,0.8682372277770168,0.0191658245414352,0.086529006044231,0.0537967723098736,0.1001882337542166,0.3613254775226956,0.0608198450604066,0.1208882157033924,0.393656950450312,0.0830319564262724,,,,,,,,,,,,,,,,,,,,,,,,,
BBBP,scaffold,random_forest,42,0.9974683544303796,0.9983319432860718,0.9931064201765988,0.9999917035175996,0.9999780306209204,0.8629441624365483,0.9158878504672896,0.5824922362307989,0.9412224648024368,0.8987906708897206,0.8484848484848485,0.906832298136646,0.5571842574790943,0.9520230718824656,0.8748801534036433,0.0116380238468547,0.0735328359165846,0.0638172287022444,0.0930173493379022,0.3195010200230503,0.070058385670938,0.1175530646572553,0.3811550344057101,0.0492301687553902,,,,,,,,,,,,,,,,,,,,,,,,,
BBBP,scaffold,random_forest,123,0.9974683544303796,0.9983319432860718,0.9931064201765988,0.9999930786220218,0.9999824244967364,0.8629441624365483,0.9158878504672896,0.5824922362307989,0.954993137978622,0.9031816873020444,0.8434343434343434,0.9040247678018576,0.5400527972680771,0.9509337440179964,0.8711135460895768,0.0115711691967585,0.0731469448743304,0.0632145917955643,0.0915982012648503,0.3102918610262016,0.0620189566321167,0.1176008348584856,0.3817891326281852,0.0508915699817278,,,,,,,,,,,,,,,,,,,,,,,,,
BBBP,scaffold,random_forest,3407,0.9974683544303796,0.9983319432860718,0.9931064201765988,0.999991700663273,0.9999780306209204,0.868020304568528,0.91875,0.600024087442863,0.9478082021943788,0.9052692196947884,0.8434343434343434,0.9040247678018576,0.5400527972680771,0.9495936505788152,0.8700178057800302,0.0117465761413841,0.0737968844724931,0.0635127931828952,0.0921085947164399,0.3161322506224206,0.0626924748409345,0.1186459220984837,0.3854761383307732,0.048773993785593,,,,,,,,,,,,,,,,,,,,,,,,,
BBBP,scaffold,random_forest,9999,0.9974683544303796,0.9983319432860718,0.9931064201765988,0.999993078622022,0.9999824244967364,0.868020304568528,0.91875,0.600024087442863,0.9520768089382692,0.90339763892888,0.8484848484848485,0.906832298136646,0.5571842574790943,0.9544406964171206,0.8826873031091632,0.0116179837965613,0.0735245782857841,0.0639047529486861,0.0925675633070334,0.313679127886921,0.0684034820766433,0.1161878502192544,0.3771323991044868,0.0816936181665664,,,,,,,,,,,,,,,,,,,,,,,,,
BBBP,scaffold,random_forest,2024,0.9974683544303796,0.9983319432860718,0.9931064201765988,0.9999930786220216,0.9999824244967364,0.8629441624365483,0.9158878504672896,0.5824922362307989,0.9466735400637664,0.9007342355312412,0.8434343434343434,0.9040247678018576,0.5400527972680771,0.9488818457737772,0.8708396110121901,0.0114611001142479,0.0728530261694464,0.0635542509442034,0.0926878005145731,0.3152949270459511,0.0563978579530455,0.1183316385849453,0.3849857952070477,0.0764348016777318,,,,,,,,,,,,,,,,,,,,,,,,,
BBBP,random,xgboost,42,0.9829113924050632,0.9887733887733888,0.9535423500985878,0.999602796181887,0.9987913994424844,0.868020304568528,0.91875,0.5689505097681538,0.9681599174400544,0.8862382343395002,0.8888888888888888,0.9294871794871796,0.6805555555555556,0.971876312855502,0.9255555555555556,0.017908041790782,0.0859434324998115,0.0583425998027566,0.104850555273096,0.3463958307897036,0.0869624876809604,0.0852759880630218,0.2889172167938917,0.0470630945731895,,,,,,,,,,,,,,,,,,,,,,,,,
BBBP,random,random_forest,42,0.9993670886075948,0.99958071278826,0.9982918500185876,0.9999992979707142,0.99999891702459,0.8934010152284264,0.9361702127659576,0.6342967811972792,0.9636827042927694,0.8834793898085037,0.8888888888888888,0.929936305732484,0.6799047321230168,0.9784477557177302,0.939097222222222,0.0117461690937063,0.0768522027293645,0.0691417176163178,0.0947931822701754,0.3253524268604231,0.0754287509264199,0.0816480242836845,0.2699158358774967,0.0436045209932823,,,,,,,,,,,,,,,,,,,,,,,,,
Tox21_NR-AR,scaffold,xgboost,42,0.9846868547832072,0.7791563275434243,0.7915876671370313,0.9218549324500735,0.988736834773428,0.9641873278236914,0.4583333333333333,0.4705537116810097,0.3685852453110951,0.6961455331412103,0.966987620357634,0.4782608695652174,0.5066560712387274,0.4306636042094182,0.7595773381294965,0.0113651017751161,0.0464675190293008,0.015718416989629,0.0341092821585105,0.1652918364858018,0.0254589318151562,0.0318331293772605,0.1461871972079449,0.0189168234003459,,,,,,,,,,,,,,,,,,,,,,,,,
Tox21_NR-AR,scaffold,xgboost,123,0.9848589125946318,0.7810945273631841,0.7942570712796914,0.9239931209080308,0.9888607427882236,0.9655647382920112,0.4897959183673469,0.4992446578455325,0.3716467678452159,0.6970461095100865,0.966987620357634,0.4782608695652174,0.5066560712387274,0.4368739411538909,0.7550809352517985,0.0112920464017967,0.0461627303560238,0.0167896378961957,0.0335477839927323,0.1642714939541731,0.0228595837139968,0.031499746293414,0.1456790940982057,0.0166119701181637,,,,,,,,,,,,,,,,,,,,,,,,,
Tox21_NR-AR,scaffold,xgboost,3407,0.9846868547832072,0.7791563275434243,0.7915876671370313,0.9216499477005072,0.9889091329005106,0.9669421487603306,0.5,0.5162617655585068,0.3791666273474365,0.693939121037464,0.966987620357634,0.4782608695652174,0.5066560712387274,0.425920667124008,0.7508093525179856,0.0113189444013131,0.0463204665535479,0.0150722268249657,0.0340719115189492,0.1661448961583317,0.0268753560172706,0.0322400372191922,0.1504885482273607,0.0207483727469568,,,,,,,,,,,,,,,,,,,,,,,,,
Tox21_NR-AR,scaffold,xgboost,9999,0.9848589125946318,0.7821782178217822,0.794192196032732,0.920838760193938,0.9885476734253968,0.9655647382920112,0.4897959183673469,0.4992446578455325,0.3664683274850393,0.683132204610951,0.966987620357634,0.4782608695652174,0.5066560712387274,0.4183796261871276,0.752023381294964,0.0114042575698549,0.0466743604099943,0.0152776658961886,0.0342857104447412,0.1672035572668837,0.0283421008660363,0.0324121187752935,0.14903714940164,0.0149354565955257,,,,,,,,,,,,,,,,,,,,,,,,,
Tox21_NR-AR,scaffold,xgboost,2024,0.984342739160358,0.773067331670823,0.7863555200581868,0.9203993733304352,0.9889846508030192,0.9655647382920112,0.4680851063829787,0.4877231901279625,0.3740362559124111,0.7104196685878963,0.9656121045392022,0.4680851063829787,0.4877435472160424,0.4246331275466249,0.7647032374100718,0.0114611715565719,0.0468610721271579,0.0158516222695036,0.0339156414020348,0.1625024189587752,0.0247912079444765,0.0324173255343503,0.1478128332601083,0.020242938200496,,,,,,,,,,,,,,,,,,,,,,,,,
Tox21_NR-AR,scaffold,random_forest,42,0.9979353062629044,0.976,0.9751346708695632,0.9983261441754188,0.9999336468914852,0.9696969696969696,0.5217391304347826,0.5554328599589563,0.442801106344855,0.6615859149855907,0.968363136176066,0.4888888888888889,0.5276407429044003,0.4592966763890015,0.7618929856115109,0.0044200342403269,0.0223770491472601,0.0175072101060493,0.0310059401057903,0.1513858545220283,0.0242542662675498,0.0315733671186073,0.1431271653150737,0.0240974980990035,,,,,,,,,,,,,,,,,,,,,,,,,
Tox21_NR-AR,scaffold,random_forest,123,0.9979353062629044,0.976,0.9751346708695632,0.9976474932851216,0.9999065191012636,0.9696969696969696,0.5217391304347826,0.5554328599589563,0.4447632290996746,0.6474018371757926,0.968363136176066,0.4888888888888889,0.5276407429044003,0.4561400410092767,0.7801034172661869,0.0043823177593101,0.0223962911009246,0.0176150100363218,0.03128802670827,0.1539193405770134,0.0228179596276805,0.0318009412961798,0.1416442189098777,0.0254008387312362,,,,,,,,,,,,,,,,,,,,,,,,,
Tox21_NR-AR,scaffold,random_forest,3407,0.9979353062629044,0.976,0.9751346708695632,0.9980665989029942,0.9999263150562904,0.9696969696969696,0.5217391304347826,0.5554328599589563,0.4504388755284598,0.6700063040345821,0.969738651994498,0.5217391304347826,0.5554491516189837,0.4635438773566585,0.7784172661870504,0.0044302253638585,0.0223800904690342,0.0173590517739764,0.0308083208114911,0.1489883358332397,0.0239837577908087,0.0312643737218893,0.1411415558196999,0.0258704993150848,,,,,,,,,,,,,,,,,,,,,,,,,
Tox21_NR-AR,scaffold,random_forest,9999,0.9979353062629044,0.976,0.9751346708695632,0.9971030847372028,0.9998911222473542,0.9696969696969696,0.5217391304347826,0.5554328599589563,0.4421956028845259,0.6719200288184438,0.968363136176066,0.4888888888888889,0.5276407429044003,0.4663896118338807,0.7505845323741007,0.0043783346123828,0.0223678123841774,0.0181507271911881,0.0312977536438215,0.1645057291689038,0.0246895607735174,0.0315675900773247,0.1603603565481764,0.0252963749131025,,,,,,,,,,,,,,,,,,,,,,,,,
Tox21_NR-AR,scaffold,random_forest,2024,0.9979353062629044,0.976,0.9751346708695632,0.9969634260298754,0.9998903890638348,0.9696969696969696,0.5217391304347826,0.5554328599589563,0.446909206785865,0.6557546829971181,0.968363136176066,0.4888888888888889,0.5276407429044003,0.4577132243107907,0.7739208633093526,0.004338050527679,0.0221778475495302,0.017560582425672,0.0310640849106117,0.1506955363166412,0.0226250168317721,0.031804991794341,0.1432069474738661,0.0262011818031619,,,,,,,,,,,,,,,,,,,,,,,,,
Tox21_NR-AR,random,xgboost,42,0.9874397797660014,0.8179551122194514,0.8256315269777955,0.945828713552783,0.9942083049631594,0.962809917355372,0.5846153846153846,0.6105986158463654,0.5464727812244917,0.7695281258331111,0.966987620357634,0.4,0.4353576427731405,0.361119155208745,0.7033642920660014,0.0096160273731872,0.0396120509715412,0.0162004323051928,0.0349103141260283,0.1729291885084188,0.0239783843527689,0.0316963825767581,0.1556992187048667,0.0234468795789567,,,,,,,,,,,,,,,,,,,,,,,,,
Tox21_NR-AR,random,random_forest,42,0.9991397109428768,0.989517819706499,0.989128412101856,0.9981887567378273,0.9999289479123604,0.962809917355372,0.5846153846153846,0.6105986158463654,0.5217962641904685,0.7508497733937617,0.969738651994498,0.4210526315789473,0.4857064560341022,0.3537665446200009,0.6713269439778679,0.0034249180569708,0.0195384562126977,0.0162105760428918,0.0370216526738509,0.2350205258209932,0.0294350802288372,0.0310197918172157,0.2125159994851862,0.0216184456911701,,,,,,,,,,,,,,,,,,,,,,,,,
ClinTox,scaffold,mlp,123,0.998286203941731,0.9878048780487804,0.9869682721507872,0.9970503864196284,0.9997332503445516,0.9315068493150684,0.0,-0.0347454092041608,0.0759326625708778,0.6416666666666666,0.8972602739726028,0.2857142857142857,0.2535546113957178,0.3304394320156908,0.6796536796536796,0.0020366820652358,0.0085736198561734,0.0024739752253542,0.066501945146689,0.5250084667581579,0.0687919508657557,0.095685189307055,0.7946195221463059,0.1009423209780368,,,,,,,,,,18.0,,,,,,,,,,,,,,,
ClinTox,scaffold,mlp,42,0.998286203941731,0.9878048780487804,0.9869682721507872,0.9970503864196284,0.9997332503445516,0.9315068493150684,0.0,-0.0347454092041608,0.0759326625708778,0.6416666666666666,0.8972602739726028,0.2857142857142857,0.2535546113957178,0.3304394320156908,0.6796536796536796,0.0020366820652358,0.0085736198561734,0.0024739752253542,0.066501945146689,0.5250084667581579,0.0687919508657557,0.095685189307055,0.7946195221463059,0.1009423209780368,,,,,,,,,,18.0,,,,,,,,,,,,,,,
ClinTox,scaffold,mlp,9999,0.998286203941731,0.9878048780487804,0.9869682721507872,0.9970503864196284,0.9997332503445516,0.9315068493150684,0.0,-0.0347454092041608,0.0759326625708778,0.6416666666666666,0.8972602739726028,0.2857142857142857,0.2535546113957178,0.3304394320156908,0.6796536796536796,0.0020366820652358,0.0085736198561734,0.0024739752253542,0.066501945146689,0.5250084667581579,0.0687919508657557,0.095685189307055,0.7946195221463059,0.1009423209780368,,,,,,,,,,18.0,,,,,,,,,,,,,,,
ClinTox,scaffold,mlp,2024,0.998286203941731,0.9878048780487804,0.9869682721507872,0.9970503864196284,0.9997332503445516,0.9315068493150684,0.0,-0.0347454092041608,0.0759326625708778,0.6416666666666666,0.8972602739726028,0.2857142857142857,0.2535546113957178,0.3304394320156908,0.6796536796536796,0.0020366820652358,0.0085736198561734,0.0024739752253542,0.066501945146689,0.5250084667581579,0.0687919508657557,0.095685189307055,0.7946195221463059,0.1009423209780368,,,,,,,,,,18.0,,,,,,,,,,,,,,,
ClinTox,scaffold,mlp,3407,0.998286203941731,0.9878048780487804,0.9869682721507872,0.9970503864196284,0.9997332503445516,0.9315068493150684,0.0,-0.0347454092041608,0.0759326625708778,0.6416666666666666,0.8972602739726028,0.2857142857142857,0.2535546113957178,0.3304394320156908,0.6796536796536796,0.0020366820652358,0.0085736198561734,0.0024739752253542,0.066501945146689,0.5250084667581579,0.0687919508657557,0.095685189307055,0.7946195221463059,0.1009423209780368,,,,,,,,,,18.0,,,,,,,,,,,,,,,
ClinTox,scaffold,gin,123,0.9520137103684662,0.5254237288135594,0.5572729776267942,0.634828058933286,0.9380529498066064,0.952054794520548,0.3636363636363636,0.3404607800056466,0.4385876885876886,0.9107142857142856,0.910958904109589,0.4347826086956521,0.4001330429710285,0.42354285734092,0.854978354978355,0.0451907080787221,0.1593291407626296,0.0519705435068502,0.0477570098376018,0.1721265291721758,0.0816767102998532,0.0774764479105142,0.2563361136420019,0.072175710416757,,,,,,,,,,32.0,,,,,,,,,,,,,,,
ClinTox,scaffold,gin,42,0.939160239931448,0.2526315789473684,0.3683623422784792,0.561091005110636,0.9370192948917442,0.9657534246575342,0.2857142857142857,0.4011477785428769,0.3468932748538011,0.8999999999999999,0.9041095890410958,0.125,0.1617464583442765,0.2908920181536634,0.810064935064935,0.046596474897059,0.1517284579808653,0.0254770199476656,0.0336978964650909,0.1173059631918833,0.0187454749495025,0.0787731485215614,0.3149994138512315,0.0421397503609871,,,,,,,,,,34.0,,,,,,,,,,,,,,,
ClinTox,scaffold,gin,9999,0.9554413024850044,0.5737704918032787,0.5977776832539187,0.7198924421276025,0.9571922375850264,0.952054794520548,0.3636363636363636,0.3404607800056466,0.444651548099824,0.905952380952381,0.910958904109589,0.4347826086956521,0.4001330429710285,0.4253144801253332,0.856060606060606,0.0361631027314283,0.1244133423162088,0.0232923318228005,0.0439418055529838,0.1638105388523012,0.057236015780101,0.0722769647820023,0.2595762738136889,0.064761037397349,,,,,,,,,,45.0,,,,,,,,,,,,,,,
ClinTox,scaffold,gin,2024,0.9502999143101972,0.532258064516129,0.5447425240490272,0.6706751026688815,0.9495565286978171,0.952054794520548,0.3636363636363636,0.3404607800056466,0.4137883358471593,0.9071428571428573,0.9041095890410958,0.4615384615384615,0.410713758985647,0.3990917746867393,0.8506493506493507,0.038200843772557,0.1286213659137873,0.0134929847799424,0.0447163624693073,0.1496137060366708,0.0505930033984995,0.0786147244226291,0.2887251212641758,0.0545100265508064,,,,,,,,,,43.0,,,,,,,,,,,,,,,
ClinTox,scaffold,gin,3407,0.9408740359897172,0.3300970873786408,0.4001470279558815,0.6278332553135899,0.9387253812297158,0.958904109589041,0.25,0.2724387703647988,0.3409285431725825,0.8773809523809524,0.9041095890410958,0.2222222222222222,0.2303492760489642,0.4096474735450532,0.8474025974025974,0.043320156632535,0.1470862559850059,0.0285731139135586,0.0410870247455293,0.1429918040785775,0.0465707091581271,0.0736675994339425,0.2488159546859571,0.0494146761768806,,,,,,,,,,32.0,,,,,,,,,,,,,,,
ClinTox,random,mlp,42,0.988860325621251,0.9090909090909092,0.9074705076877424,0.9965235692210148,0.9997527724800452,0.9172413793103448,0.3333333333333333,0.4279002121398116,0.6738051111464195,0.8338461538461539,0.9319727891156464,0.0,0.0,0.3258040602392505,0.8700729927007299,0.0178554042771357,0.054564364372159,0.0368289935097479,0.0672636615921773,0.3910880108195756,0.0688887494887169,0.060450408229279,0.2391647078975692,0.0587501065594504,,,,,,,,,,6.0,,,,,,,,,,,,,,,
ClinTox,random,gin,42,0.9348757497857756,0.05,0.1548170093101525,0.3481475823921753,0.8853747262838172,0.896551724137931,0.0,0.0,0.4236500069355163,0.8682051282051282,0.9319727891156464,0.0,0.0,0.2027708572970819,0.8204379562043795,0.0519420939400729,0.1718127749869224,0.0150156312310025,0.0804053490972723,0.3051059045511143,0.0512299744161957,0.0603632380878013,0.2062721423394057,0.0338688289398737,,,,,,,,,,15.0,,,,,,,,,,,,,,,
Solubility,scaffold,mlp,123,,,,,,,,,,,,,,,,,,,,,,,,,0.5929245170202916,0.8322778690504768,0.8776169310366876,1.2813939070702345,1.6858882035906422,0.4039460454473458,1.4953332776509063,1.950171710889256,0.269540850532994,3.0,,,,,,,,,,,,,,,
Solubility,scaffold,mlp,42,,,,,,,,,,,,,,,,,,,,,,,,,0.5929245170202916,0.8322778690504768,0.8776169310366876,1.2813939070702345,1.6858882035906422,0.4039460454473458,1.4953332776509063,1.950171710889256,0.269540850532994,3.0,,,,,,,,,,,,,,,
Solubility,scaffold,mlp,9999,,,,,,,,,,,,,,,,,,,,,,,,,0.5929245170202916,0.8322778690504768,0.8776169310366876,1.2813939070702345,1.6858882035906422,0.4039460454473458,1.4953332776509063,1.950171710889256,0.269540850532994,3.0,,,,,,,,,,,,,,,
Solubility,scaffold,mlp,2024,,,,,,,,,,,,,,,,,,,,,,,,,0.5929245170202916,0.8322778690504768,0.8776169310366876,1.2813939070702345,1.6858882035906422,0.4039460454473458,1.4953332776509063,1.950171710889256,0.269540850532994,3.0,,,,,,,,,,,,,,,
Solubility,scaffold,mlp,3407,,,,,,,,,,,,,,,,,,,,,,,,,0.5929245170202916,0.8322778690504768,0.8776169310366876,1.2813939070702345,1.6858882035906422,0.4039460454473458,1.4953332776509063,1.950171710889256,0.269540850532994,3.0,,,,,,,,,,,,,,,
Solubility,scaffold,gin,123,,,,,,,,,,,,,,,,,,,,,,,,,0.9873067467352148,1.334065907838212,0.6855589641045301,1.2468910429846936,1.7480743608867548,0.359162620201364,1.2921020541546606,1.7704814710705543,0.3979493900472414,13.0,,,,,,,,,,,,,,,
Solubility,scaffold,gin,42,,,,,,,,,,,,,,,,,,,,,,,,,1.2626134381056853,1.6503236470419609,0.5188030213796944,1.4111401289122885,1.8174762193760572,0.3072675944169984,1.5116874925189514,1.9342677021773709,0.2814063270905078,2.0,,,,,,,,,,,,,,,
Solubility,scaffold,gin,9999,,,,,,,,,,,,,,,,,,,,,,,,,1.0147152439792595,1.3714717028788952,0.6676785689643275,1.2492650045559766,1.740599380267459,0.3646315009983014,1.3061984042216137,1.796035288126666,0.3804448671115998,10.0,,,,,,,,,,,,,,,
Solubility,scaffold,gin,2024,,,,,,,,,,,,,,,,,,,,,,,,,1.2587477229474346,1.6490790714862982,0.5195285277688108,1.4101911878534303,1.8191374772000477,0.3060006363549773,1.513425098653571,1.9355931435182916,0.2804211686339463,2.0,,,,,,,,,,,,,,,
Solubility,scaffold,gin,3407,,,,,,,,,,,,,,,,,,,,,,,,,0.9907294132407352,1.3355256992582558,0.6848704382044849,1.265558059409425,1.7476714148243149,0.359458023123963,1.2996148004495371,1.776364157566653,0.3939419390565961,13.0,,,,,,,,,,,,,,,
Solubility,random,mlp,42,,,,,,,,,,,,,,,,,,,,,,,,,0.2911878211462244,0.4533612490602962,0.9635948640505566,0.9224761986590824,1.2931580046205224,0.7007950152348044,0.9452166554333458,1.322603478839434,0.6708146484322846,15.0,,,,,,,,,,,,,,,
Solubility,random,gin,42,,,,,,,,,,,,,,,,,,,,,,,,,0.7762171192598543,1.0797905004546706,0.7934843970281286,0.8626541034369832,1.1663382131154638,0.756603320394151,0.8605574892803064,1.196747625590494,0.7304828975890535,57.0,,,,,,,,,,,,,,,
Tox21_SR-p53,scaffold,mlp,123,0.999630928215538,0.9962962962962963,0.9961020838278558,0.9997548010973936,0.9999884911129812,0.8714918759231906,0.1386138613861386,0.1040465197737502,0.1770829972663069,0.5848147823802435,0.8864306784660767,0.2222222222222222,0.2230376155330879,0.2722308035611999,0.610043866283467,0.0003607158988332,0.0017792161233929,0.0007657334214856,0.1262044248745039,1.446105673431263,0.126896555572573,0.10902479351894,1.3073933279578407,0.1084126868066143,,,,,,,,,,12.0,,,,,,,,,,,,,,,
Tox21_SR-p53,scaffold,mlp,42,0.999630928215538,0.9962962962962963,0.9961020838278558,0.9997548010973936,0.9999884911129812,0.8714918759231906,0.1386138613861386,0.1040465197737502,0.1770829972663069,0.5848147823802435,0.8864306784660767,0.2222222222222222,0.2230376155330879,0.2722308035611999,0.610043866283467,0.0003607158988332,0.0017792161233929,0.0007657334214856,0.1262044248745039,1.446105673431263,0.126896555572573,0.10902479351894,1.3073933279578407,0.1084126868066143,,,,,,,,,,12.0,,,,,,,,,,,,,,,
Tox21_SR-p53,scaffold,mlp,9999,0.999630928215538,0.9962962962962963,0.9961020838278558,0.9997548010973936,0.9999884911129812,0.8714918759231906,0.1386138613861386,0.1040465197737502,0.1770829972663069,0.5848147823802435,0.8864306784660767,0.2222222222222222,0.2230376155330879,0.2722308035611999,0.610043866283467,0.0003607158988332,0.0017792161233929,0.0007657334214856,0.1262044248745039,1.446105673431263,0.126896555572573,0.10902479351894,1.3073933279578407,0.1084126868066143,,,,,,,,,,12.0,,,,,,,,,,,,,,,
Tox21_SR-p53,scaffold,mlp,2024,0.999630928215538,0.9962962962962963,0.9961020838278558,0.9997548010973936,0.9999884911129812,0.8714918759231906,0.1386138613861386,0.1040465197737502,0.1770829972663069,0.5848147823802435,0.8864306784660767,0.2222222222222222,0.2230376155330879,0.2722308035611999,0.610043866283467,0.0003607158988332,0.0017792161233929,0.0007657334214856,0.1262044248745039,1.446105673431263,0.126896555572573,0.10902479351894,1.3073933279578407,0.1084126868066143,,,,,,,,,,12.0,,,,,,,,,,,,,,,
Tox21_SR-p53,scaffold,mlp,3407,0.999630928215538,0.9962962962962963,0.9961020838278558,0.9997548010973936,0.9999884911129812,0.8714918759231906,0.1386138613861386,0.1040465197737502,0.1770829972663069,0.5848147823802435,0.8864306784660767,0.2222222222222222,0.2230376155330879,0.2722308035611999,0.610043866283467,0.0003607158988332,0.0017792161233929,0.0007657334214856,0.1262044248745039,1.446105673431263,0.126896555572573,0.10902479351894,1.3073933279578407,0.1084126868066143,,,,,,,,,,12.0,,,,,,,,,,,,,,,
Tox21_SR-p53,scaffold,gin,123,0.9503598449898504,0.007380073800738,0.0593280485445691,0.381343503541904,0.8926767513289167,0.8877400295420975,0.0,0.0,0.3162370619514244,0.7413302390752254,0.8864306784660767,0.0,0.0,0.2762660648542421,0.7129027378611406,0.0386215148037426,0.1398037189814779,0.0095127231283155,0.090549915424606,0.3231570990616013,0.0427557066897602,0.0928322831485106,0.3492886807290821,0.037672697649327,,,,,,,,,,44.0,,,,,,,,,,,,,,,
Tox21_SR-p53,scaffold,gin,42,0.9557113858645506,0.2258064516129032,0.32704029892302,0.525976004055024,0.9287614279651568,0.8892171344165436,0.1176470588235294,0.1629937929348745,0.3257646727197106,0.747044399684736,0.8849557522123894,0.1333333333333333,0.1533376060305223,0.2720575947633074,0.6919203924195604,0.0333488134486266,0.1209772627446802,0.0146415747731139,0.089621606457592,0.3245193448424938,0.0389831186001981,0.0946874578131973,0.3734808067571434,0.0394482768196816,,,,,,,,,,61.0,,,,,,,,,,,,,,,
Tox21_SR-p53,scaffold,gin,9999,0.9507289167743126,0.0219780219780219,0.1027781659052026,0.3479404335039723,0.8732796012170648,0.8892171344165436,0.0259740259740259,0.1081576124798453,0.3192302672272892,0.7362290918644365,0.887905604719764,0.0256410256410256,0.1073736061271787,0.2989450691154719,0.7046264883203319,0.0400866161783166,0.1483052258924069,0.0141683951312294,0.0930459662010326,0.338954092345794,0.0513204237751233,0.0942705010956957,0.3707095770843071,0.04950437179774,,,,,,,,,,38.0,,,,,,,,,,,,,,,
Tox21_SR-p53,scaffold,gin,2024,0.9518361321276988,0.064516129032258,0.1781156934311437,0.4224861060135498,0.8937783676082374,0.8877400295420975,0.0256410256410256,0.0668572312145596,0.3248691009219765,0.7422716525089763,0.8849557522123894,0.025,0.0461755854817315,0.3034252955939801,0.7114981524299329,0.0382065884190598,0.1391986354140572,0.0147184559065205,0.0920343296473583,0.335007161081833,0.0517984338239005,0.092950866415325,0.3607390176495587,0.0467749616327561,,,,,,,,,,44.0,,,,,,,,,,,,,,,
Tox21_SR-p53,scaffold,gin,3407,0.9603247831703268,0.3731778425655976,0.4440882424353033,0.60839424628297,0.9442272142019666,0.8921713441654358,0.1411764705882353,0.203847846180676,0.3240900048057761,0.7509633067694195,0.8938053097345132,0.25,0.2772164632696544,0.3296320034636513,0.6877498541392053,0.030324608350622,0.1071386003511089,0.0110096351550234,0.0911681761866589,0.3477062804735267,0.048643475794274,0.0927960049567285,0.4163092892283019,0.055596592287312,,,,,,,,,,66.0,,,,,,,,,,,,,,,
Tox21_SR-p53,random,mlp,42,0.990404133603986,0.9228486646884272,0.9177511374587094,0.9728977133740304,0.9969441734606184,0.9261447562776958,0.21875,0.1812264712690092,0.2072096744981796,0.6572763684913218,0.9144542772861356,0.3555555555555555,0.3115430925485799,0.3328120155873263,0.7182440543785082,0.0095983206016837,0.0436404599084314,0.0221518319398557,0.0600827978661015,0.3534296641191896,0.0506882788878338,0.0731762051031961,0.3795898518657582,0.074254751052246,,,,,,,,,,4.0,,,,,,,,,,,,,,,
Tox21_SR-p53,random,gin,42,0.9422402657316848,0.2035623409669211,0.2809612384640336,0.373099685049955,0.8437887603651314,0.9453471196454948,0.0512820512820512,0.0690454750023517,0.2116002890191544,0.7861148197596796,0.9203539823008848,0.0357142857142857,0.0278426882188054,0.2466699665976701,0.8141526881022679,0.0480155043022767,0.1775266003388327,0.0047372249791447,0.0452225397377915,0.1784308777111743,0.0139893078409963,0.061148430826325,0.215577791159158,0.0181101041495877,,,,,,,,,,30.0,,,,,,,,,,,,,,,
Lipophilicity,scaffold,chemberta,42,,,,,,,,,,,,,,,,,,,,,,,,,0.6034846305847168,0.7737985789220149,0.5894112586975098,0.6869093179702759,0.8752655579993757,0.4459187388420105,0.7230210304260254,0.9122729267136211,0.4114001393318176,,0.5987642407417297,3.4373,977.505,61.094,10.0,0.7660898566246033,0.4305,975.598,62.717,10.0,0.832241952419281,0.4384,957.99,61.585,10.0
Lipophilicity,scaffold,mlp,123,,,,,,,,,,,,,,,,,,,,,,,,,0.133035744665124,0.1752558595399033,0.9789381642984596,0.6983686116124902,0.9166194228729536,0.3923243321593933,0.6964468811017771,0.9030943705114716,0.4231846037574075,33.0,,,,,,,,,,,,,,,
Lipophilicity,scaffold,mlp,42,,,,,,,,,,,,,,,,,,,,,,,,,0.133035744665124,0.1752558595399033,0.9789381642984596,0.6983686116124902,0.9166194228729536,0.3923243321593933,0.6964468811017771,0.9030943705114716,0.4231846037574075,33.0,,,,,,,,,,,,,,,
Lipophilicity,scaffold,mlp,9999,,,,,,,,,,,,,,,,,,,,,,,,,0.133035744665124,0.1752558595399033,0.9789381642984596,0.6983686116124902,0.9166194228729536,0.3923243321593933,0.6964468811017771,0.9030943705114716,0.4231846037574075,33.0,,,,,,,,,,,,,,,
Lipophilicity,scaffold,mlp,2024,,,,,,,,,,,,,,,,,,,,,,,,,0.133035744665124,0.1752558595399033,0.9789381642984596,0.6983686116124902,0.9166194228729536,0.3923243321593933,0.6964468811017771,0.9030943705114716,0.4231846037574075,33.0,,,,,,,,,,,,,,,
Lipophilicity,scaffold,mlp,3407,,,,,,,,,,,,,,,,,,,,,,,,,0.133035744665124,0.1752558595399033,0.9789381642984596,0.6983686116124902,0.9166194228729536,0.3923243321593933,0.6964468811017771,0.9030943705114716,0.4231846037574075,33.0,,,,,,,,,,,,,,,
Lipophilicity,scaffold,gin,123,,,,,,,,,,,,,,,,,,,,,,,,,0.4736042031624709,0.6138092745847696,0.7416443171423822,0.5857122813307104,0.75889076141258,0.5834642634430987,0.5623436920832665,0.7430776154492038,0.6094839109027659,78.0,,,,,,,,,,,,,,,
Lipophilicity,scaffold,gin,42,,,,,,,,,,,,,,,,,,,,,,,,,0.482596024933515,0.6175693969592476,0.7384693098092834,0.5959521733046997,0.7627715656753962,0.5791932222207111,0.5753846369639394,0.7383255332843903,0.61446274641228,77.0,,,,,,,,,,,,,,,
Lipophilicity,scaffold,gin,9999,,,,,,,,,,,,,,,,,,,,,,,,,0.4882114998791145,0.6280408638278029,0.7295251237211922,0.5893927445369107,0.7680023527404923,0.5734019786512221,0.5932033047567875,0.7567275712548237,0.5950049741765052,74.0,,,,,,,,,,,,,,,
Lipophilicity,scaffold,gin,2024,,,,,,,,,,,,,,,,,,,,,,,,,0.4995472150815961,0.6403146046829179,0.7188500947723476,0.5837139422694843,0.7565555723891498,0.5860237705382875,0.588186893625451,0.7386589938443141,0.6141144163202361,79.0,,,,,,,,,,,,,,,
Lipophilicity,scaffold,gin,3407,,,,,,,,,,,,,,,,,,,,,,,,,0.4955058298101427,0.6415283106736542,0.7177832544319929,0.5930994073195117,0.7626531150040706,0.5793239061039868,0.5921261496265374,0.7651757314151844,0.5859117107626768,74.0,,,,,,,,,,,,,,,
Lipophilicity,random,mlp,42,,,,,,,,,,,,,,,,,,,,,,,,,0.1265389128848688,0.1656064881042216,0.980548577435915,0.6172684954213244,0.8339647152334612,0.5640701638765406,0.6001906605925234,0.8224664320564101,0.5742577327122838,31.0,,,,,,,,,,,,,,,
Lipophilicity,random,gin,42,,,,,,,,,,,,,,,,,,,,,,,,,0.5021588207516331,0.6422340647207766,0.7074612858765515,0.6327043648809194,0.8218899507871141,0.5766022140627246,0.5694397084281912,0.7237393641675711,0.670333517590458,69.0,,,,,,,,,,,,,,,
BBBP,scaffold,gcn,42,0.7803797468354431,0.8704740574841359,0.2565392298953062,0.9115261096700826,0.7823471645220892,0.7868020304568528,0.8757396449704142,0.2549924481856089,0.9138050351606378,0.802476245321048,0.7727272727272727,0.8656716417910447,0.2467294945636523,0.8591799499781178,0.7103136556636078,0.1485460012440445,0.4589183154507477,0.0616445925039581,0.1425646497931191,0.4460564072799211,0.0738681972329386,0.1621044332751923,0.5015624511491154,0.0464257850791468,,,,,,,,,,7.0,,,,,,,,,,,,,,,
BBBP,scaffold,chemberta,42,0.8765822784810127,0.923917284432306,0.6391198812687598,0.9675539649815662,0.9140909400477616,0.868020304568528,0.9182389937106918,0.600938442555464,0.9332923009423968,0.8813705729916499,0.8484848484848485,0.9056603773584906,0.5568536968580606,0.9203529352652178,0.8257772907820846,0.0907555926171689,0.3012444310593345,0.0313960036993781,0.0948732506205246,0.3320627909605301,0.0436327276647393,0.1231582105280837,0.4117736548947088,0.0692454638956773,,,,,,,,,,,0.301246166229248,1.6462,959.798,60.139,10.0,0.3320692777633667,0.2174,906.356,59.81,10.0,0.4117582738399505,0.2169,912.658,59.922,10.0
BBBP,scaffold,mlp,123,0.9867088607594936,0.9912609238451936,0.9635213144808356,0.9992878108861885,0.9975086724123916,0.8781725888324873,0.9245283018867924,0.6343333292080526,0.95925041501876,0.9060610423265189,0.8282828282828283,0.8888888888888888,0.5156517421246019,0.9445557833424396,0.8664566497740036,0.0114324003011294,0.0490414431426604,0.0136745228441927,0.0988206428605809,0.4329116875097255,0.0861897556101368,0.1362381766299817,0.6003114061832094,0.132001454414694,,,,,,,,,,4.0,,,,,,,,,,,,,,,
BBBP,scaffold,mlp,42,0.9867088607594936,0.9912609238451936,0.9635213144808356,0.9992878108861885,0.9975086724123916,0.8781725888324873,0.9245283018867924,0.6343333292080526,0.95925041501876,0.9060610423265189,0.8282828282828283,0.8888888888888888,0.5156517421246019,0.9445557833424396,0.8664566497740036,0.0114324003011294,0.0490414431426604,0.0136745228441927,0.0988206428605809,0.4329116875097255,0.0861897556101368,0.1362381766299817,0.6003114061832094,0.132001454414694,,,,,,,,,,4.0,,,,,,,,,,,,,,,
BBBP,scaffold,mlp,9999,0.9867088607594936,0.9912609238451936,0.9635213144808356,0.9992878108861885,0.9975086724123916,0.8781725888324873,0.9245283018867924,0.6343333292080526,0.95925041501876,0.9060610423265189,0.8282828282828283,0.8888888888888888,0.5156517421246019,0.9445557833424396,0.8664566497740036,0.0114324003011294,0.0490414431426604,0.0136745228441927,0.0988206428605809,0.4329116875097255,0.0861897556101368,0.1362381766299817,0.6003114061832094,0.132001454414694,,,,,,,,,,4.0,,,,,,,,,,,,,,,
BBBP,scaffold,mlp,2024,0.9867088607594936,0.9912609238451936,0.9635213144808356,0.9992878108861885,0.9975086724123916,0.8781725888324873,0.9245283018867924,0.6343333292080526,0.95925041501876,0.9060610423265189,0.8282828282828283,0.8888888888888888,0.5156517421246019,0.9445557833424396,0.8664566497740036,0.0114324003011294,0.0490414431426604,0.0136745228441927,0.0988206428605809,0.4329116875097255,0.0861897556101368,0.1362381766299817,0.6003114061832094,0.132001454414694,,,,,,,,,,4.0,,,,,,,,,,,,,,,
BBBP,scaffold,mlp,3407,0.9867088607594936,0.9912609238451936,0.9635213144808356,0.9992878108861885,0.9975086724123916,0.8781725888324873,0.9245283018867924,0.6343333292080526,0.95925041501876,0.9060610423265189,0.8282828282828283,0.8888888888888888,0.5156517421246019,0.9445557833424396,0.8664566497740036,0.0114324003011294,0.0490414431426604,0.0136745228441927,0.0988206428605809,0.4329116875097255,0.0861897556101368,0.1362381766299817,0.6003114061832094,0.132001454414694,,,,,,,,,,4.0,,,,,,,,,,,,,,,
BBBP,scaffold,gin,123,0.9012658227848102,0.9364820846905536,0.7188688290095826,0.9864407337024792,0.9586492346966798,0.8629441624365483,0.9142857142857144,0.5878120690851991,0.9299959620315782,0.8848257990210193,0.8131313131313131,0.8770764119601329,0.4881851810879163,0.9315715834585456,0.852075058211204,0.0687099324197345,0.2234252094774664,0.0227402609475213,0.094207604175061,0.371949560276547,0.0620079815806111,0.1326398491014643,0.4508443350846771,0.0960061854519411,,,,,,,,,,58.0,,,,,,,,,,,,,,,
BBBP,scaffold,gin,42,0.9120253164556962,0.9436562626672071,0.7491117150884814,0.9878567311761096,0.9637230627950762,0.8730964467005076,0.9201277955271564,0.622405354244966,0.9303254432259892,0.8783472502159515,0.8383838383838383,0.8961038961038961,0.5399373341750976,0.941563312907826,0.8644021366936037,0.0619293116454908,0.206347725134967,0.0267757609013278,0.0938141553369434,0.3853939786129354,0.0554573401994333,0.118201019939278,0.409824192219159,0.0569467175627865,,,,,,,,,,78.0,,,,,,,,,,,,,,,
BBBP,scaffold,gin,9999,0.9215189873417722,0.9473684210526316,0.7957115003428727,0.990240770419134,0.9695636222233448,0.8629441624365483,0.9090909090909092,0.6325385976445864,0.940172180449508,0.8888568960552836,0.7676767676767676,0.8357142857142857,0.4555872273846061,0.93157364452002,0.842487330502671,0.0614658462961342,0.2046517914380956,0.0446985958597614,0.0992309637268374,0.3758222715895128,0.0679011665471371,0.1538921949718882,0.5070383264947674,0.1298118078066365,,,,,,,,,,79.0,,,,,,,,,,,,,,,
BBBP,scaffold,gin,2024,0.9234177215189874,0.9498549523414836,0.7880344541258059,0.9887302168631198,0.9668152529005072,0.868020304568528,0.913907284768212,0.631298589116038,0.9366201478808238,0.8789231212208466,0.8181818181818182,0.8767123287671232,0.532743563929876,0.9334169167952138,0.854951376523764,0.0577299804560718,0.1933235176289429,0.0143806814289457,0.1004663270568935,0.4422810779729794,0.0777360874811438,0.1389840793279075,0.4952845537832218,0.1229736134083588,,,,,,,,,,80.0,,,,,,,,,,,,,,,
BBBP,scaffold,gin,3407,0.7689873417721519,0.8467030659386813,0.3785436950183997,0.8935357525644226,0.7506783045790777,0.8121827411167513,0.8786885245901639,0.4635755899515677,0.9026348800144892,0.7978692772818888,0.7525252525252525,0.8338983050847457,0.349223993257427,0.8532042553158676,0.7007259279550747,0.1720415065788311,0.5234370953149138,0.155558613055869,0.1565403032445958,0.4921164087412435,0.1573803181273078,0.1829413327963699,0.5502108320389494,0.1543357570966084,,,,,,,,,,5.0,,,,,,,,,,,,,,,
BBBP,random,mlp,42,0.9569620253164556,0.9713322091062394,0.8852978043669524,0.994727018053936,0.9844712155965786,0.8375634517766497,0.8974358974358975,0.5084644398772541,0.9614424603688784,0.8675754625121714,0.8737373737373737,0.9174917491749176,0.6493636905574403,0.9684604840591104,0.9191666666666668,0.0373173872069356,0.1463238809578424,0.0447236997134507,0.1182221943768878,0.3940148511708504,0.1089524483038727,0.090304122845188,0.3072226203774619,0.0525436925753537,,,,,,,,,,2.0,,,,,,,,,,,,,,,
BBBP,random,gin,42,0.8936708860759494,0.9315960912052116,0.6995431518040247,0.9710506034076511,0.926761621950612,0.8781725888324873,0.9245283018867924,0.6091273325913404,0.9533043924051924,0.8828302499188576,0.8787878787878788,0.9230769230769232,0.65,0.9591192930022924,0.8973611111111112,0.0813913214029538,0.2757050575991336,0.0177013814334368,0.0921030631983545,0.3261312455441128,0.0496679818609889,0.0978511905451428,0.3250644826509102,0.0445036038173117,,,,,,,,,,41.0,,,,,,,,,,,,,,,
Tox21_NR-AR,scaffold,mlp,123,0.9578458362009636,0.0,0.0,0.5675582167361035,0.8564811590165076,0.955922865013774,0.0,0.0,0.4407661568938515,0.7599513688760807,0.9559834938101788,0.0,0.0,0.4115823577888648,0.6670863309352517,0.0289118899068817,0.125170295638499,0.039222208546771,0.0340668498426796,0.1519927257606455,0.0217650287177216,0.0352865152912253,0.1974308791878005,0.0228212841945866,,,,,,,,,,1.0,,,,,,,,,,,,,,,
Tox21_NR-AR,scaffold,mlp,42,0.9578458362009636,0.0,0.0,0.5675582167361035,0.8564811590165076,0.955922865013774,0.0,0.0,0.4407661568938515,0.7599513688760807,0.9559834938101788,0.0,0.0,0.4115823577888648,0.6670863309352517,0.0289118899068817,0.125170295638499,0.039222208546771,0.0340668498426796,0.1519927257606455,0.0217650287177216,0.0352865152912253,0.1974308791878005,0.0228212841945866,,,,,,,,,,1.0,,,,,,,,,,,,,,,
Tox21_NR-AR,scaffold,mlp,9999,0.9578458362009636,0.0,0.0,0.5675582167361035,0.8564811590165076,0.955922865013774,0.0,0.0,0.4407661568938515,0.7599513688760807,0.9559834938101788,0.0,0.0,0.4115823577888648,0.6670863309352517,0.0289118899068817,0.125170295638499,0.039222208546771,0.0340668498426796,0.1519927257606455,0.0217650287177216,0.0352865152912253,0.1974308791878005,0.0228212841945866,,,,,,,,,,1.0,,,,,,,,,,,,,,,
Tox21_NR-AR,scaffold,mlp,2024,0.9578458362009636,0.0,0.0,0.5675582167361035,0.8564811590165076,0.955922865013774,0.0,0.0,0.4407661568938515,0.7599513688760807,0.9559834938101788,0.0,0.0,0.4115823577888648,0.6670863309352517,0.0289118899068817,0.125170295638499,0.039222208546771,0.0340668498426796,0.1519927257606455,0.0217650287177216,0.0352865152912253,0.1974308791878005,0.0228212841945866,,,,,,,,,,1.0,,,,,,,,,,,,,,,
Tox21_NR-AR,scaffold,mlp,3407,0.9578458362009636,0.0,0.0,0.5675582167361035,0.8564811590165076,0.955922865013774,0.0,0.0,0.4407661568938515,0.7599513688760807,0.9559834938101788,0.0,0.0,0.4115823577888648,0.6670863309352517,0.0289118899068817,0.125170295638499,0.039222208546771,0.0340668498426796,0.1519927257606455,0.0217650287177216,0.0352865152912253,0.1974308791878005,0.0228212841945866,,,,,,,,,,1.0,,,,,,,,,,,,,,,
Tox21_NR-AR,scaffold,gin,123,0.970406056434962,0.558974358974359,0.5648518784598234,0.5214876492271074,0.8456648691450713,0.955922865013774,0.4482758620689655,0.4280661861634449,0.3878788190746173,0.7680115273775217,0.9504814305364512,0.4,0.375202585129127,0.3496865696186987,0.7674010791366906,0.0264467225481905,0.1165063160516392,0.0113085915108993,0.0360000395298612,0.1515590923402978,0.0156967728419752,0.0393383314105437,0.1563361737485464,0.0252185550121349,,,,,,,,,,20.0,,,,,,,,,,,,,,,
Tox21_NR-AR,scaffold,gin,42,0.9748795595320028,0.5944444444444444,0.628069855409993,0.5997031664504794,0.8803191547860387,0.9669421487603306,0.5,0.5162617655585068,0.4654095641762972,0.7650396253602305,0.9656121045392022,0.4444444444444444,0.4770412415072892,0.4759256490397153,0.7834532374100719,0.0231220013282555,0.1016835934225263,0.004244019957168,0.0289221420701197,0.1294147087968644,0.0123137427883749,0.029374437464188,0.1307382285747342,0.0152586418161775,,,,,,,,,,45.0,,,,,,,,,,,,,,,
Tox21_NR-AR,scaffold,gin,9999,0.9716104611149348,0.5691906005221932,0.5803028970439484,0.5397362106773885,0.8510658655414743,0.9600550964187328,0.4912280701754385,0.4746545707403493,0.416864024605688,0.758510446685879,0.9573590096286108,0.4363636363636363,0.4209402136611842,0.3795682977167751,0.7528776978417266,0.0256941247409886,0.1126284094442983,0.0088078035728819,0.0334559392638398,0.1420207285869426,0.012469724246175,0.0362449515764538,0.1492223396559021,0.0177001646068105,,,,,,,,,,22.0,,,,,,,,,,,,,,,
Tox21_NR-AR,scaffold,gin,2024,0.9719545767377838,0.5606469002695418,0.5802432970838055,0.5439805906478884,0.8478959465949124,0.9600550964187328,0.4528301886792453,0.4434014596981826,0.4399314219788607,0.7671559798270894,0.9614855570839064,0.4615384615384615,0.4558628576891345,0.3636164665959322,0.7640287769784172,0.0255586238006261,0.1160182453836045,0.0136834402271303,0.0329225133417589,0.1446185568375112,0.0143973526491705,0.0358800390926514,0.1496367570902536,0.0197355216035332,,,,,,,,,,20.0,,,,,,,,,,,,,,,
Tox21_NR-AR,scaffold,gin,3407,0.97143840330351,0.5677083333333334,0.5780264252773278,0.5446054102396745,0.850798986740376,0.9600550964187328,0.4912280701754385,0.4746545707403493,0.4189754858746616,0.765399855907781,0.9573590096286108,0.4363636363636363,0.4209402136611842,0.3507712641025811,0.7502697841726619,0.0255972443624214,0.1122686609736685,0.0087214653726602,0.033601868308984,0.1414875843526001,0.0131168123985013,0.0369518799022195,0.1508768307289303,0.0172004462616571,,,,,,,,,,22.0,,,,,,,,,,,,,,,
Tox21_NR-AR,random,mlp,42,0.9788368891947694,0.663013698630137,0.6849992241243209,0.80810542577015,0.978287317924276,0.962809917355372,0.5714285714285714,0.6092456534269943,0.5155789076469659,0.7384364169554786,0.968363136176066,0.4390243902439024,0.4700791150491154,0.3335360041440339,0.6371158976385733,0.0166961898458112,0.0635632558065516,0.0129729846095693,0.0362449338606753,0.2035749155016444,0.0283876845142118,0.0318420384078183,0.1816289700292061,0.0248092980157769,,,,,,,,,,2.0,,,,,,,,,,,,,,,
Tox21_NR-AR,random,gin,42,0.9717825189263593,0.59,0.5861284490560481,0.5822008021062716,0.873641651265715,0.9586776859504132,0.5714285714285714,0.5723636447169668,0.5460995874099778,0.8111170354572114,0.9601100412654744,0.4081632653061224,0.3954346327316785,0.3659538639811741,0.6788607845074597,0.0242304135955476,0.1036039842048866,0.0065268931408984,0.0371071276906347,0.1670155005688003,0.0203108348478042,0.0345995699167344,0.1579549050794109,0.0167853071472059,,,,,,,,,,36.0,,,,,,,,,,,,,,,
