dataset,split,model,n_seeds,train_accuracy_mean,train_accuracy_std,train_accuracy_min,train_accuracy_max,train_accuracy_mean_std,train_f1_mean,train_f1_std,train_f1_min,train_f1_max,train_f1_mean_std,train_mcc_mean,train_mcc_std,train_mcc_min,train_mcc_max,train_mcc_mean_std,train_auprc_mean,train_auprc_std,train_auprc_min,train_auprc_max,train_auprc_mean_std,train_auroc_mean,train_auroc_std,train_auroc_min,train_auroc_max,train_auroc_mean_std,valid_accuracy_mean,valid_accuracy_std,valid_accuracy_min,valid_accuracy_max,valid_accuracy_mean_std,valid_f1_mean,valid_f1_std,valid_f1_min,valid_f1_max,valid_f1_mean_std,valid_mcc_mean,valid_mcc_std,valid_mcc_min,valid_mcc_max,valid_mcc_mean_std,valid_auprc_mean,valid_auprc_std,valid_auprc_min,valid_auprc_max,valid_auprc_mean_std,valid_auroc_mean,valid_auroc_std,valid_auroc_min,valid_auroc_max,valid_auroc_mean_std,test_accuracy_mean,test_accuracy_std,test_accuracy_min,test_accuracy_max,test_accuracy_mean_std,test_f1_mean,test_f1_std,test_f1_min,test_f1_max,test_f1_mean_std,test_mcc_mean,test_mcc_std,test_mcc_min,test_mcc_max,test_mcc_mean_std,test_auprc_mean,test_auprc_std,test_auprc_min,test_auprc_max,test_auprc_mean_std,test_auroc_mean,test_auroc_std,test_auroc_min,test_auroc_max,test_auroc_mean_std,train_brier_mean,train_brier_std,train_brier_min,train_brier_max,train_brier_mean_std,train_nll_mean,train_nll_std,train_nll_min,train_nll_max,train_nll_mean_std,train_ece_mean,train_ece_std,train_ece_min,train_ece_max,train_ece_mean_std,valid_brier_mean,valid_brier_std,valid_brier_min,valid_brier_max,valid_brier_mean_std,valid_nll_mean,valid_nll_std,valid_nll_min,valid_nll_max,valid_nll_mean_std,valid_ece_mean,valid_ece_std,valid_ece_min,valid_ece_max,valid_ece_mean_std,test_brier_mean,test_brier_std,test_brier_min,test_brier_max,test_brier_mean_std,test_nll_mean,test_nll_std,test_nll_min,test_nll_max,test_nll_mean_std,test_ece_mean,test_ece_std,test_ece_min,test_ece_max,test_ece_mean_std,best_epoch_mean,best_epoch_std,best_epoch_min,best_epoch_max,best_epoch_mean_std,train_loss_mean,train_loss_std,train_loss_min,train_loss_max,train_loss_mean_std,train_runtime_mean,train_runtime_std,train_runtime_min,train_runtime_max,train_runtime_mean_std,train_samples_per_second_mean,train_samples_per_second_std,train_samples_per_second_min,train_samples_per_second_max,train_samples_per_second_mean_std,train_steps_per_second_mean,train_steps_per_second_std,train_steps_per_second_min,train_steps_per_second_max,train_steps_per_second_mean_std,train_epoch_mean,train_epoch_std,train_epoch_min,train_epoch_max,train_epoch_mean_std,valid_loss_mean,valid_loss_std,valid_loss_min,valid_loss_max,valid_loss_mean_std,valid_runtime_mean,valid_runtime_std,valid_runtime_min,valid_runtime_max,valid_runtime_mean_std,valid_samples_per_second_mean,valid_samples_per_second_std,valid_samples_per_second_min,valid_samples_per_second_max,valid_samples_per_second_mean_std,valid_steps_per_second_mean,valid_steps_per_second_std,valid_steps_per_second_min,valid_steps_per_second_max,valid_steps_per_second_mean_std,valid_epoch_mean,valid_epoch_std,valid_epoch_min,valid_epoch_max,valid_epoch_mean_std,test_loss_mean,test_loss_std,test_loss_min,test_loss_max,test_loss_mean_std,test_runtime_mean,test_runtime_std,test_runtime_min,test_runtime_max,test_runtime_mean_std,test_samples_per_second_mean,test_samples_per_second_std,test_samples_per_second_min,test_samples_per_second_max,test_samples_per_second_mean_std,test_steps_per_second_mean,test_steps_per_second_std,test_steps_per_second_min,test_steps_per_second_max,test_steps_per_second_mean_std,test_epoch_mean,test_epoch_std,test_epoch_min,test_epoch_max,test_epoch_mean_std,train_mae_mean,train_mae_std,train_mae_min,train_mae_max,train_mae_mean_std,train_rmse_mean,train_rmse_std,train_rmse_min,train_rmse_max,train_rmse_mean_std,train_r2_mean,train_r2_std,train_r2_min,train_r2_max,train_r2_mean_std,valid_mae_mean,valid_mae_std,valid_mae_min,valid_mae_max,valid_mae_mean_std,valid_rmse_mean,valid_rmse_std,valid_rmse_min,valid_rmse_max,valid_rmse_mean_std,valid_r2_mean,valid_r2_std,valid_r2_min,valid_r2_max,valid_r2_mean_std,test_mae_mean,test_mae_std,test_mae_min,test_mae_max,test_mae_mean_std,test_rmse_mean,test_rmse_std,test_rmse_min,test_rmse_max,test_rmse_mean_std,test_r2_mean,test_r2_std,test_r2_min,test_r2_max,test_r2_mean_std
BBBP,random,gin,1,0.8936708860759494,0.0,0.8936708860759494,0.8936708860759494,0.894 ± 0.000,0.9315960912052116,0.0,0.9315960912052116,0.9315960912052116,0.932 ± 0.000,0.6995431518040247,0.0,0.6995431518040247,0.6995431518040247,0.700 ± 0.000,0.9710506034076511,0.0,0.9710506034076511,0.9710506034076511,0.971 ± 0.000,0.926761621950612,0.0,0.926761621950612,0.926761621950612,0.927 ± 0.000,0.8781725888324873,0.0,0.8781725888324873,0.8781725888324873,0.878 ± 0.000,0.9245283018867924,0.0,0.9245283018867924,0.9245283018867924,0.925 ± 0.000,0.6091273325913404,0.0,0.6091273325913404,0.6091273325913404,0.609 ± 0.000,0.9533043924051924,0.0,0.9533043924051924,0.9533043924051924,0.953 ± 0.000,0.8828302499188576,0.0,0.8828302499188576,0.8828302499188576,0.883 ± 0.000,0.8787878787878788,0.0,0.8787878787878788,0.8787878787878788,0.879 ± 0.000,0.9230769230769232,0.0,0.9230769230769232,0.9230769230769232,0.923 ± 0.000,0.65,0.0,0.65,0.65,0.650 ± 0.000,0.9591192930022924,0.0,0.9591192930022924,0.9591192930022924,0.959 ± 0.000,0.8973611111111112,0.0,0.8973611111111112,0.8973611111111112,0.897 ± 0.000,0.0813913214029538,0.0,0.0813913214029538,0.0813913214029538,0.081 ± 0.000,0.2757050575991336,0.0,0.2757050575991336,0.2757050575991336,0.276 ± 0.000,0.0177013814334368,0.0,0.0177013814334368,0.0177013814334368,0.018 ± 0.000,0.0921030631983545,0.0,0.0921030631983545,0.0921030631983545,0.092 ± 0.000,0.3261312455441128,0.0,0.3261312455441128,0.3261312455441128,0.326 ± 0.000,0.0496679818609889,0.0,0.0496679818609889,0.0496679818609889,0.050 ± 0.000,0.0978511905451428,0.0,0.0978511905451428,0.0978511905451428,0.098 ± 0.000,0.3250644826509102,0.0,0.3250644826509102,0.3250644826509102,0.325 ± 0.000,0.0445036038173117,0.0,0.0445036038173117,0.0445036038173117,0.045 ± 0.000,41.0,0.0,41.0,41.0,41.000 ± 0.000,,,,,,,,,,,,,,,,,,,,,,,,,,,,,,,,,,,,,,,,,,,,,,,,,,,,,,,,,,,,,,,,,,,,,,,,,,,,,,,,,,,,,,,,,,,,,,,,,,,,,,,,,,,,,,,,,,,,,,,,
BBBP,random,mlp,1,0.9569620253164556,0.0,0.9569620253164556,0.9569620253164556,0.957 ± 0.000,0.9713322091062394,0.0,0.9713322091062394,0.9713322091062394,0.971 ± 0.000,0.8852978043669524,0.0,0.8852978043669524,0.8852978043669524,0.885 ± 0.000,0.994727018053936,0.0,0.994727018053936,0.994727018053936,0.995 ± 0.000,0.9844712155965786,0.0,0.9844712155965786,0.9844712155965786,0.984 ± 0.000,0.8375634517766497,0.0,0.8375634517766497,0.8375634517766497,0.838 ± 0.000,0.8974358974358975,0.0,0.8974358974358975,0.8974358974358975,0.897 ± 0.000,0.5084644398772541,0.0,0.5084644398772541,0.5084644398772541,0.508 ± 0.000,0.9614424603688784,0.0,0.9614424603688784,0.9614424603688784,0.961 ± 0.000,0.8675754625121714,0.0,0.8675754625121714,0.8675754625121714,0.868 ± 0.000,0.8737373737373737,0.0,0.8737373737373737,0.8737373737373737,0.874 ± 0.000,0.9174917491749176,0.0,0.9174917491749176,0.9174917491749176,0.917 ± 0.000,0.6493636905574403,0.0,0.6493636905574403,0.6493636905574403,0.649 ± 0.000,0.9684604840591104,0.0,0.9684604840591104,0.9684604840591104,0.968 ± 0.000,0.9191666666666668,0.0,0.9191666666666668,0.9191666666666668,0.919 ± 0.000,0.0373173872069356,0.0,0.0373173872069356,0.0373173872069356,0.037 ± 0.000,0.1463238809578424,0.0,0.1463238809578424,0.1463238809578424,0.146 ± 0.000,0.0447236997134507,0.0,0.0447236997134507,0.0447236997134507,0.045 ± 0.000,0.1182221943768878,0.0,0.1182221943768878,0.1182221943768878,0.118 ± 0.000,0.3940148511708504,0.0,0.3940148511708504,0.3940148511708504,0.394 ± 0.000,0.1089524483038727,0.0,0.1089524483038727,0.1089524483038727,0.109 ± 0.000,0.090304122845188,0.0,0.090304122845188,0.090304122845188,0.090 ± 0.000,0.3072226203774619,0.0,0.3072226203774619,0.3072226203774619,0.307 ± 0.000,0.0525436925753537,0.0,0.0525436925753537,0.0525436925753537,0.053 ± 0.000,2.0,0.0,2.0,2.0,2.000 ± 0.000,,,,,,,,,,,,,,,,,,,,,,,,,,,,,,,,,,,,,,,,,,,,,,,,,,,,,,,,,,,,,,,,,,,,,,,,,,,,,,,,,,,,,,,,,,,,,,,,,,,,,,,,,,,,,,,,,,,,,,,,
BBBP,random,random_forest,1,0.9993670886075948,0.0,0.9993670886075948,0.9993670886075948,0.999 ± 0.000,0.99958071278826,0.0,0.99958071278826,0.99958071278826,1.000 ± 0.000,0.9982918500185876,0.0,0.9982918500185876,0.9982918500185876,0.998 ± 0.000,0.9999992979707142,0.0,0.9999992979707142,0.9999992979707142,1.000 ± 0.000,0.99999891702459,0.0,0.99999891702459,0.99999891702459,1.000 ± 0.000,0.8934010152284264,0.0,0.8934010152284264,0.8934010152284264,0.893 ± 0.000,0.9361702127659576,0.0,0.9361702127659576,0.9361702127659576,0.936 ± 0.000,0.6342967811972792,0.0,0.6342967811972792,0.6342967811972792,0.634 ± 0.000,0.9636827042927694,0.0,0.9636827042927694,0.9636827042927694,0.964 ± 0.000,0.8834793898085037,0.0,0.8834793898085037,0.8834793898085037,0.883 ± 0.000,0.8888888888888888,0.0,0.8888888888888888,0.8888888888888888,0.889 ± 0.000,0.929936305732484,0.0,0.929936305732484,0.929936305732484,0.930 ± 0.000,0.6799047321230168,0.0,0.6799047321230168,0.6799047321230168,0.680 ± 0.000,0.9784477557177302,0.0,0.9784477557177302,0.9784477557177302,0.978 ± 0.000,0.939097222222222,0.0,0.939097222222222,0.939097222222222,0.939 ± 0.000,0.0117461690937063,0.0,0.0117461690937063,0.0117461690937063,0.012 ± 0.000,0.0768522027293645,0.0,0.0768522027293645,0.0768522027293645,0.077 ± 0.000,0.0691417176163178,0.0,0.0691417176163178,0.0691417176163178,0.069 ± 0.000,0.0947931822701754,0.0,0.0947931822701754,0.0947931822701754,0.095 ± 0.000,0.3253524268604231,0.0,0.3253524268604231,0.3253524268604231,0.325 ± 0.000,0.0754287509264199,0.0,0.0754287509264199,0.0754287509264199,0.075 ± 0.000,0.0816480242836845,0.0,0.0816480242836845,0.0816480242836845,0.082 ± 0.000,0.2699158358774967,0.0,0.2699158358774967,0.2699158358774967,0.270 ± 0.000,0.0436045209932823,0.0,0.0436045209932823,0.0436045209932823,0.044 ± 0.000,,,,,,,,,,,,,,,,,,,,,,,,,,,,,,,,,,,,,,,,,,,,,,,,,,,,,,,,,,,,,,,,,,,,,,,,,,,,,,,,,,,,,,,,,,,,,,,,,,,,,,,,,,,,,,,,,,,,,,,,,,,,,
BBBP,random,xgboost,1,0.9829113924050632,0.0,0.9829113924050632,0.9829113924050632,0.983 ± 0.000,0.9887733887733888,0.0,0.9887733887733888,0.9887733887733888,0.989 ± 0.000,0.9535423500985878,0.0,0.9535423500985878,0.9535423500985878,0.954 ± 0.000,0.999602796181887,0.0,0.999602796181887,0.999602796181887,1.000 ± 0.000,0.9987913994424844,0.0,0.9987913994424844,0.9987913994424844,0.999 ± 0.000,0.868020304568528,0.0,0.868020304568528,0.868020304568528,0.868 ± 0.000,0.91875,0.0,0.91875,0.91875,0.919 ± 0.000,0.5689505097681538,0.0,0.5689505097681538,0.5689505097681538,0.569 ± 0.000,0.9681599174400544,0.0,0.9681599174400544,0.9681599174400544,0.968 ± 0.000,0.8862382343395002,0.0,0.8862382343395002,0.8862382343395002,0.886 ± 0.000,0.8888888888888888,0.0,0.8888888888888888,0.8888888888888888,0.889 ± 0.000,0.9294871794871796,0.0,0.9294871794871796,0.9294871794871796,0.929 ± 0.000,0.6805555555555556,0.0,0.6805555555555556,0.6805555555555556,0.681 ± 0.000,0.971876312855502,0.0,0.971876312855502,0.971876312855502,0.972 ± 0.000,0.9255555555555556,0.0,0.9255555555555556,0.9255555555555556,0.926 ± 0.000,0.017908041790782,0.0,0.017908041790782,0.017908041790782,0.018 ± 0.000,0.0859434324998115,0.0,0.0859434324998115,0.0859434324998115,0.086 ± 0.000,0.0583425998027566,0.0,0.0583425998027566,0.0583425998027566,0.058 ± 0.000,0.104850555273096,0.0,0.104850555273096,0.104850555273096,0.105 ± 0.000,0.3463958307897036,0.0,0.3463958307897036,0.3463958307897036,0.346 ± 0.000,0.0869624876809604,0.0,0.0869624876809604,0.0869624876809604,0.087 ± 0.000,0.0852759880630218,0.0,0.0852759880630218,0.0852759880630218,0.085 ± 0.000,0.2889172167938917,0.0,0.2889172167938917,0.2889172167938917,0.289 ± 0.000,0.0470630945731895,0.0,0.0470630945731895,0.0470630945731895,0.047 ± 0.000,,,,,,,,,,,,,,,,,,,,,,,,,,,,,,,,,,,,,,,,,,,,,,,,,,,,,,,,,,,,,,,,,,,,,,,,,,,,,,,,,,,,,,,,,,,,,,,,,,,,,,,,,,,,,,,,,,,,,,,,,,,,,
BBBP,scaffold,chemberta,1,0.8765822784810127,0.0,0.8765822784810127,0.8765822784810127,0.877 ± 0.000,0.923917284432306,0.0,0.923917284432306,0.923917284432306,0.924 ± 0.000,0.6391198812687598,0.0,0.6391198812687598,0.6391198812687598,0.639 ± 0.000,0.9675539649815662,0.0,0.9675539649815662,0.9675539649815662,0.968 ± 0.000,0.9140909400477616,0.0,0.9140909400477616,0.9140909400477616,0.914 ± 0.000,0.868020304568528,0.0,0.868020304568528,0.868020304568528,0.868 ± 0.000,0.9182389937106918,0.0,0.9182389937106918,0.9182389937106918,0.918 ± 0.000,0.600938442555464,0.0,0.600938442555464,0.600938442555464,0.601 ± 0.000,0.9332923009423968,0.0,0.9332923009423968,0.9332923009423968,0.933 ± 0.000,0.8813705729916499,0.0,0.8813705729916499,0.8813705729916499,0.881 ± 0.000,0.8484848484848485,0.0,0.8484848484848485,0.8484848484848485,0.848 ± 0.000,0.9056603773584906,0.0,0.9056603773584906,0.9056603773584906,0.906 ± 0.000,0.5568536968580606,0.0,0.5568536968580606,0.5568536968580606,0.557 ± 0.000,0.9203529352652178,0.0,0.9203529352652178,0.9203529352652178,0.920 ± 0.000,0.8257772907820846,0.0,0.8257772907820846,0.8257772907820846,0.826 ± 0.000,0.0907555926171689,0.0,0.0907555926171689,0.0907555926171689,0.091 ± 0.000,0.3012444310593345,0.0,0.3012444310593345,0.3012444310593345,0.301 ± 0.000,0.0313960036993781,0.0,0.0313960036993781,0.0313960036993781,0.031 ± 0.000,0.0948732506205246,0.0,0.0948732506205246,0.0948732506205246,0.095 ± 0.000,0.3320627909605301,0.0,0.3320627909605301,0.3320627909605301,0.332 ± 0.000,0.0436327276647393,0.0,0.0436327276647393,0.0436327276647393,0.044 ± 0.000,0.1231582105280837,0.0,0.1231582105280837,0.1231582105280837,0.123 ± 0.000,0.4117736548947088,0.0,0.4117736548947088,0.4117736548947088,0.412 ± 0.000,0.0692454638956773,0.0,0.0692454638956773,0.0692454638956773,0.069 ± 0.000,,,,,,0.301246166229248,0.0,0.301246166229248,0.301246166229248,0.301 ± 0.000,1.6462,0.0,1.6462,1.6462,1.646 ± 0.000,959.798,0.0,959.798,959.798,959.798 ± 0.000,60.139,0.0,60.139,60.139,60.139 ± 0.000,10.0,0.0,10.0,10.0,10.000 ± 0.000,0.3320692777633667,0.0,0.3320692777633667,0.3320692777633667,0.332 ± 0.000,0.2174,0.0,0.2174,0.2174,0.217 ± 0.000,906.356,0.0,906.356,906.356,906.356 ± 0.000,59.81,0.0,59.81,59.81,59.810 ± 0.000,10.0,0.0,10.0,10.0,10.000 ± 0.000,0.4117582738399505,0.0,0.4117582738399505,0.4117582738399505,0.412 ± 0.000,0.2169,0.0,0.2169,0.2169,0.217 ± 0.000,912.658,0.0,912.658,912.658,912.658 ± 0.000,59.922,0.0,59.922,59.922,59.922 ± 0.000,10.0,0.0,10.0,10.0,10.000 ± 0.000,,,,,,,,,,,,,,,,,,,,,,,,,,,,,,,,,,,,,,,,,,,,,
BBBP,scaffold,gcn,1,0.7803797468354431,0.0,0.7803797468354431,0.7803797468354431,0.780 ± 0.000,0.8704740574841359,0.0,0.8704740574841359,0.8704740574841359,0.870 ± 0.000,0.2565392298953062,0.0,0.2565392298953062,0.2565392298953062,0.257 ± 0.000,0.9115261096700826,0.0,0.9115261096700826,0.9115261096700826,0.912 ± 0.000,0.7823471645220892,0.0,0.7823471645220892,0.7823471645220892,0.782 ± 0.000,0.7868020304568528,0.0,0.7868020304568528,0.7868020304568528,0.787 ± 0.000,0.8757396449704142,0.0,0.8757396449704142,0.8757396449704142,0.876 ± 0.000,0.2549924481856089,0.0,0.2549924481856089,0.2549924481856089,0.255 ± 0.000,0.9138050351606378,0.0,0.9138050351606378,0.9138050351606378,0.914 ± 0.000,0.802476245321048,0.0,0.802476245321048,0.802476245321048,0.802 ± 0.000,0.7727272727272727,0.0,0.7727272727272727,0.7727272727272727,0.773 ± 0.000,0.8656716417910447,0.0,0.8656716417910447,0.8656716417910447,0.866 ± 0.000,0.2467294945636523,0.0,0.2467294945636523,0.2467294945636523,0.247 ± 0.000,0.8591799499781178,0.0,0.8591799499781178,0.8591799499781178,0.859 ± 0.000,0.7103136556636078,0.0,0.7103136556636078,0.7103136556636078,0.710 ± 0.000,0.1485460012440445,0.0,0.1485460012440445,0.1485460012440445,0.149 ± 0.000,0.4589183154507477,0.0,0.4589183154507477,0.4589183154507477,0.459 ± 0.000,0.0616445925039581,0.0,0.0616445925039581,0.0616445925039581,0.062 ± 0.000,0.1425646497931191,0.0,0.1425646497931191,0.1425646497931191,0.143 ± 0.000,0.4460564072799211,0.0,0.4460564072799211,0.4460564072799211,0.446 ± 0.000,0.0738681972329386,0.0,0.0738681972329386,0.0738681972329386,0.074 ± 0.000,0.1621044332751923,0.0,0.1621044332751923,0.1621044332751923,0.162 ± 0.000,0.5015624511491154,0.0,0.5015624511491154,0.5015624511491154,0.502 ± 0.000,0.0464257850791468,0.0,0.0464257850791468,0.0464257850791468,0.046 ± 0.000,7.0,0.0,7.0,7.0,7.000 ± 0.000,,,,,,,,,,,,,,,,,,,,,,,,,,,,,,,,,,,,,,,,,,,,,,,,,,,,,,,,,,,,,,,,,,,,,,,,,,,,,,,,,,,,,,,,,,,,,,,,,,,,,,,,,,,,,,,,,,,,,,,,
BBBP,scaffold,gin,5,0.8854430379746836,0.06569333668537622,0.7689873417721519,0.9234177215189874,0.885 ± 0.066,0.9248129573381115,0.04395521664276542,0.8467030659386813,0.9498549523414836,0.925 ± 0.044,0.6860540387170285,0.1746714462284336,0.3785436950183997,0.7957115003428727,0.686 ± 0.175,0.9693608409450529,0.04240993073052839,0.8935357525644226,0.990240770419134,0.969 ± 0.042,0.9218858954389372,0.0957937154084764,0.7506783045790777,0.9695636222233448,0.922 ± 0.096,0.8558375634517766,0.024764083081523797,0.8121827411167513,0.8730964467005076,0.856 ± 0.025,0.9072200456524312,0.016422550587435376,0.8786885245901639,0.9201277955271564,0.907 ± 0.016,0.5875260400084714,0.07162843158248816,0.4635755899515677,0.6325385976445864,0.588 ± 0.072,0.9279497227204775,0.014792203604151032,0.9026348800144892,0.940172180449508,0.928 ± 0.015,0.8657644687589979,0.0382028404026146,0.7978692772818888,0.8888568960552836,0.866 ± 0.038,0.797979797979798,0.03624419215759427,0.7525252525252525,0.8383838383838383,0.798 ± 0.036,0.8639010455260367,0.027701086201486785,0.8338983050847457,0.8961038961038961,0.864 ± 0.028,0.4731354599669846,0.07730475827926812,0.349223993257427,0.5399373341750976,0.473 ± 0.077,0.9182659425994946,0.03660422668091399,0.8532042553158676,0.941563312907826,0.918 ± 0.037,0.8229283659772635,0.06875875486428241,0.7007259279550747,0.8644021366936037,0.823 ± 0.069,0.08437531547925248,0.04916656901077271,0.0577299804560718,0.1720415065788311,0.084 ± 0.049,0.27023706779887713,0.14195120182188944,0.1933235176289429,0.5234370953149138,0.270 ± 0.142,0.05283078243868504,0.05848472779377698,0.0143806814289457,0.155558613055869,0.053 ± 0.058,0.1088518707080662,0.026821881072786984,0.0938141553369434,0.1565403032445958,0.109 ± 0.027,0.4135126594386437,0.05230890953974027,0.371949560276547,0.4921164087412435,0.414 ± 0.052,0.08409657878712662,0.041777283876500426,0.0554573401994333,0.1573803181273078,0.084 ± 0.042,0.1453316952273816,0.024623239638734012,0.118201019939278,0.1829413327963699,0.145 ± 0.025,0.48264044792415495,0.05393071153744096,0.409824192219159,0.5502108320389494,0.483 ± 0.054,0.11201481626526626,0.037137117318191304,0.0569467175627865,0.1543357570966084,0.112 ± 0.037,60.0,32.07023542164915,5.0,80.0,60.000 ± 32.070,,,,,,,,,,,,,,,,,,,,,,,,,,,,,,,,,,,,,,,,,,,,,,,,,,,,,,,,,,,,,,,,,,,,,,,,,,,,,,,,,,,,,,,,,,,,,,,,,,,,,,,,,,,,,,,,,,,,,,,,
BBBP,scaffold,mlp,5,0.9867088607594937,1.2412670766236366e-16,0.9867088607594936,0.9867088607594936,0.987 ± 0.000,0.9912609238451935,1.2412670766236366e-16,0.9912609238451936,0.9912609238451936,0.991 ± 0.000,0.9635213144808356,0.0,0.9635213144808356,0.9635213144808356,0.964 ± 0.000,0.9992878108861885,0.0,0.9992878108861885,0.9992878108861885,0.999 ± 0.000,0.9975086724123916,0.0,0.9975086724123916,0.9975086724123916,0.998 ± 0.000,0.8781725888324873,0.0,0.8781725888324873,0.8781725888324873,0.878 ± 0.000,0.9245283018867922,1.2412670766236366e-16,0.9245283018867924,0.9245283018867924,0.925 ± 0.000,0.6343333292080526,0.0,0.6343333292080526,0.6343333292080526,0.634 ± 0.000,0.95925041501876,0.0,0.95925041501876,0.95925041501876,0.959 ± 0.000,0.9060610423265189,0.0,0.9060610423265189,0.9060610423265189,0.906 ± 0.000,0.8282828282828284,1.2412670766236366e-16,0.8282828282828283,0.8282828282828283,0.828 ± 0.000,0.888888888888889,1.2412670766236366e-16,0.8888888888888888,0.8888888888888888,0.889 ± 0.000,0.5156517421246019,0.0,0.5156517421246019,0.5156517421246019,0.516 ± 0.000,0.9445557833424395,1.2412670766236366e-16,0.9445557833424396,0.9445557833424396,0.945 ± 0.000,0.8664566497740036,0.0,0.8664566497740036,0.8664566497740036,0.866 ± 0.000,0.0114324003011294,0.0,0.0114324003011294,0.0114324003011294,0.011 ± 0.000,0.0490414431426604,0.0,0.0490414431426604,0.0490414431426604,0.049 ± 0.000,0.0136745228441927,0.0,0.0136745228441927,0.0136745228441927,0.014 ± 0.000,0.0988206428605809,0.0,0.0988206428605809,0.0988206428605809,0.099 ± 0.000,0.43291168750972553,6.206335383118183e-17,0.4329116875097255,0.4329116875097255,0.433 ± 0.000,0.0861897556101368,0.0,0.0861897556101368,0.0861897556101368,0.086 ± 0.000,0.1362381766299817,0.0,0.1362381766299817,0.1362381766299817,0.136 ± 0.000,0.6003114061832094,0.0,0.6003114061832094,0.6003114061832094,0.600 ± 0.000,0.132001454414694,0.0,0.132001454414694,0.132001454414694,0.132 ± 0.000,4.0,0.0,4.0,4.0,4.000 ± 0.000,,,,,,,,,,,,,,,,,,,,,,,,,,,,,,,,,,,,,,,,,,,,,,,,,,,,,,,,,,,,,,,,,,,,,,,,,,,,,,,,,,,,,,,,,,,,,,,,,,,,,,,,,,,,,,,,,,,,,,,,
BBBP,scaffold,random_forest,5,0.9974683544303795,1.2412670766236366e-16,0.9974683544303796,0.9974683544303796,0.997 ± 0.000,0.9983319432860718,0.0,0.9983319432860718,0.9983319432860718,0.998 ± 0.000,0.9931064201765988,0.0,0.9931064201765988,0.9931064201765988,0.993 ± 0.000,0.9999925280093876,7.539580758618518e-07,0.999991700663273,0.999993078622022,1.000 ± 0.000,0.99998066694641,2.4066248992813964e-06,0.9999780306209204,0.9999824244967364,1.000 ± 0.000,0.8649746192893402,0.002780317550787654,0.8629441624365483,0.868020304568528,0.865 ± 0.003,0.9170327102803739,0.0015676638620183325,0.9158878504672896,0.91875,0.917 ± 0.002,0.5895049767156246,0.009602590383671752,0.5824922362307989,0.600024087442863,0.590 ± 0.010,0.9485548307954946,0.00528479965476301,0.9412224648024368,0.954993137978622,0.949 ± 0.005,0.902274690469335,0.002527956468516983,0.8987906708897206,0.9052692196947884,0.902 ± 0.003,0.8454545454545455,0.0027662755429554023,0.8434343434343434,0.8484848484848485,0.845 ± 0.003,0.905147779935773,0.0015377476952436497,0.9040247678018576,0.906832298136646,0.905 ± 0.002,0.546905381352484,0.009383287200576329,0.5400527972680771,0.5571842574790943,0.547 ± 0.009,0.951174601734035,0.0021909715287699257,0.9488818457737772,0.9544406964171206,0.951 ± 0.002,0.8739076838789208,0.005253066712173819,0.8700178057800302,0.8826873031091632,0.874 ± 0.005,0.0116069706191613,0.00010384512616328826,0.0114611001142479,0.0117465761413841,0.012 ± 0.000,0.07337085394372772,0.0003706926690288375,0.0728530261694464,0.0737968844724931,0.073 ± 0.000,0.06360072351471868,0.0002730831103098941,0.0632145917955643,0.0639047529486861,0.064 ± 0.000,0.0923959018281598,0.0005522094437287916,0.0915982012648503,0.0930173493379022,0.092 ± 0.001,0.31497983732090895,0.0033740701589428214,0.3102918610262016,0.3195010200230503,0.315 ± 0.003,0.0639142314347356,0.005465451231881623,0.0563978579530455,0.070058385670938,0.064 ± 0.005,0.11766386208368487,0.000949371746612139,0.1161878502192544,0.1186459220984837,0.118 ± 0.001,0.3821076999352406,0.0033686972524581385,0.3771323991044868,0.3854761383307732,0.382 ± 0.003,0.06140483047340184,0.016246722823458917,0.048773993785593,0.0816936181665664,0.061 ± 0.016,,,,,,,,,,,,,,,,,,,,,,,,,,,,,,,,,,,,,,,,,,,,,,,,,,,,,,,,,,,,,,,,,,,,,,,,,,,,,,,,,,,,,,,,,,,,,,,,,,,,,,,,,,,,,,,,,,,,,,,,,,,,,
BBBP,scaffold,xgboost,5,0.9796202531645569,0.0006933196930445786,0.9791139240506328,0.980379746835443,0.980 ± 0.001,0.9867085753815621,0.00044922385104760745,0.9863805200165084,0.987205943045811,0.987 ± 0.000,0.9436816659397597,0.0019339408607965034,0.942269324375423,0.945810022182474,0.944 ± 0.002,0.9995648740516625,9.760017443328574e-06,0.9995515635110992,0.9995753725497154,1.000 ± 0.000,0.9986152700366228,2.8577087328695257e-05,0.9985752857666984,0.9986455877797524,0.999 ± 0.000,0.8690355329949238,0.0022701197741114188,0.868020304568528,0.8730964467005076,0.869 ± 0.002,0.918818324306093,0.0012954225927622263,0.9182389937106918,0.9211356466876972,0.919 ± 0.001,0.6043909480323255,0.007720036938952667,0.600938442555464,0.6182009699397716,0.604 ± 0.008,0.9376699866389288,0.0029224762522288656,0.9349583944703586,0.9424821280007968,0.938 ± 0.003,0.8796717535272098,0.002854775596417062,0.8764756694500432,0.8842499280161245,0.880 ± 0.003,0.8505050505050505,0.010472950178448315,0.8333333333333334,0.8585858585858586,0.851 ± 0.010,0.9061029181662764,0.0063342323948014,0.8958990536277602,0.9113924050632912,0.906 ± 0.006,0.564999135546477,0.03414192027885093,0.5084027920333509,0.5914285251110445,0.565 ± 0.034,0.9498160531026347,0.0015409830063346736,0.9479975816658206,0.9510990413085472,0.950 ± 0.002,0.8658265990960142,0.003518226594669052,0.8598822079167238,0.8682372277770168,0.866 ± 0.004,0.01892944075123752,0.00018984808439024913,0.0187015951137226,0.0191658245414352,0.019 ± 0.000,0.0859228949721973,0.000702631207884121,0.0850806406268626,0.0867185272515898,0.086 ± 0.001,0.05298046056322654,0.0007675473631038684,0.0519234252079755,0.0537967723098736,0.053 ± 0.001,0.09995254195976926,0.0015235742766584097,0.0973609077162677,0.1011407891716973,0.100 ± 0.002,0.35803266894291835,0.003972864776955891,0.3521177555724709,0.3620232921074715,0.358 ± 0.004,0.06441945131244085,0.004235588354512025,0.0596525541643805,0.0701234129252772,0.064 ± 0.004,0.1230120960327041,0.0019215567731030174,0.1208882157033924,0.125012817686003,0.123 ± 0.002,0.4023601291982978,0.006146215016673879,0.393656950450312,0.4097883003921489,0.402 ± 0.006,0.08732913225663426,0.006973497429815417,0.0794397254634385,0.0978518732719951,0.087 ± 0.007,,,,,,,,,,,,,,,,,,,,,,,,,,,,,,,,,,,,,,,,,,,,,,,,,,,,,,,,,,,,,,,,,,,,,,,,,,,,,,,,,,,,,,,,,,,,,,,,,,,,,,,,,,,,,,,,,,,,,,,,,,,,,
ClinTox,random,gin,1,0.9348757497857756,0.0,0.9348757497857756,0.9348757497857756,0.935 ± 0.000,0.05,0.0,0.05,0.05,0.050 ± 0.000,0.1548170093101525,0.0,0.1548170093101525,0.1548170093101525,0.155 ± 0.000,0.3481475823921753,0.0,0.3481475823921753,0.3481475823921753,0.348 ± 0.000,0.8853747262838172,0.0,0.8853747262838172,0.8853747262838172,0.885 ± 0.000,0.896551724137931,0.0,0.896551724137931,0.896551724137931,0.897 ± 0.000,0.0,0.0,0.0,0.0,0.000 ± 0.000,0.0,0.0,0.0,0.0,0.000 ± 0.000,0.4236500069355163,0.0,0.4236500069355163,0.4236500069355163,0.424 ± 0.000,0.8682051282051282,0.0,0.8682051282051282,0.8682051282051282,0.868 ± 0.000,0.9319727891156464,0.0,0.9319727891156464,0.9319727891156464,0.932 ± 0.000,0.0,0.0,0.0,0.0,0.000 ± 0.000,0.0,0.0,0.0,0.0,0.000 ± 0.000,0.2027708572970819,0.0,0.2027708572970819,0.2027708572970819,0.203 ± 0.000,0.8204379562043795,0.0,0.8204379562043795,0.8204379562043795,0.820 ± 0.000,0.0519420939400729,0.0,0.0519420939400729,0.0519420939400729,0.052 ± 0.000,0.1718127749869224,0.0,0.1718127749869224,0.1718127749869224,0.172 ± 0.000,0.0150156312310025,0.0,0.0150156312310025,0.0150156312310025,0.015 ± 0.000,0.0804053490972723,0.0,0.0804053490972723,0.0804053490972723,0.080 ± 0.000,0.3051059045511143,0.0,0.3051059045511143,0.3051059045511143,0.305 ± 0.000,0.0512299744161957,0.0,0.0512299744161957,0.0512299744161957,0.051 ± 0.000,0.0603632380878013,0.0,0.0603632380878013,0.0603632380878013,0.060 ± 0.000,0.2062721423394057,0.0,0.2062721423394057,0.2062721423394057,0.206 ± 0.000,0.0338688289398737,0.0,0.0338688289398737,0.0338688289398737,0.034 ± 0.000,15.0,0.0,15.0,15.0,15.000 ± 0.000,,,,,,,,,,,,,,,,,,,,,,,,,,,,,,,,,,,,,,,,,,,,,,,,,,,,,,,,,,,,,,,,,,,,,,,,,,,,,,,,,,,,,,,,,,,,,,,,,,,,,,,,,,,,,,,,,,,,,,,,
ClinTox,random,mlp,1,0.988860325621251,0.0,0.988860325621251,0.988860325621251,0.989 ± 0.000,0.9090909090909092,0.0,0.9090909090909092,0.9090909090909092,0.909 ± 0.000,0.9074705076877424,0.0,0.9074705076877424,0.9074705076877424,0.907 ± 0.000,0.9965235692210148,0.0,0.9965235692210148,0.9965235692210148,0.997 ± 0.000,0.9997527724800452,0.0,0.9997527724800452,0.9997527724800452,1.000 ± 0.000,0.9172413793103448,0.0,0.9172413793103448,0.9172413793103448,0.917 ± 0.000,0.3333333333333333,0.0,0.3333333333333333,0.3333333333333333,0.333 ± 0.000,0.4279002121398116,0.0,0.4279002121398116,0.4279002121398116,0.428 ± 0.000,0.6738051111464195,0.0,0.6738051111464195,0.6738051111464195,0.674 ± 0.000,0.8338461538461539,0.0,0.8338461538461539,0.8338461538461539,0.834 ± 0.000,0.9319727891156464,0.0,0.9319727891156464,0.9319727891156464,0.932 ± 0.000,0.0,0.0,0.0,0.0,0.000 ± 0.000,0.0,0.0,0.0,0.0,0.000 ± 0.000,0.3258040602392505,0.0,0.3258040602392505,0.3258040602392505,0.326 ± 0.000,0.8700729927007299,0.0,0.8700729927007299,0.8700729927007299,0.870 ± 0.000,0.0178554042771357,0.0,0.0178554042771357,0.0178554042771357,0.018 ± 0.000,0.054564364372159,0.0,0.054564364372159,0.054564364372159,0.055 ± 0.000,0.0368289935097479,0.0,0.0368289935097479,0.0368289935097479,0.037 ± 0.000,0.0672636615921773,0.0,0.0672636615921773,0.0672636615921773,0.067 ± 0.000,0.3910880108195756,0.0,0.3910880108195756,0.3910880108195756,0.391 ± 0.000,0.0688887494887169,0.0,0.0688887494887169,0.0688887494887169,0.069 ± 0.000,0.060450408229279,0.0,0.060450408229279,0.060450408229279,0.060 ± 0.000,0.2391647078975692,0.0,0.2391647078975692,0.2391647078975692,0.239 ± 0.000,0.0587501065594504,0.0,0.0587501065594504,0.0587501065594504,0.059 ± 0.000,6.0,0.0,6.0,6.0,6.000 ± 0.000,,,,,,,,,,,,,,,,,,,,,,,,,,,,,,,,,,,,,,,,,,,,,,,,,,,,,,,,,,,,,,,,,,,,,,,,,,,,,,,,,,,,,,,,,,,,,,,,,,,,,,,,,,,,,,,,,,,,,,,,
ClinTox,random,random_forest,1,0.998286203941731,0.0,0.998286203941731,0.998286203941731,0.998 ± 0.000,0.9873417721518988,0.0,0.9873417721518988,0.9873417721518988,0.987 ± 0.000,0.9865137436402924,0.0,0.9865137436402924,0.9865137436402924,0.987 ± 0.000,0.9995151216305062,0.0,0.9995151216305062,0.9995151216305062,1.000 ± 0.000,0.999976454521909,0.0,0.999976454521909,0.999976454521909,1.000 ± 0.000,0.9172413793103448,0.0,0.9172413793103448,0.9172413793103448,0.917 ± 0.000,0.3333333333333333,0.0,0.3333333333333333,0.3333333333333333,0.333 ± 0.000,0.4279002121398116,0.0,0.4279002121398116,0.4279002121398116,0.428 ± 0.000,0.7191611116570118,0.0,0.7191611116570118,0.7191611116570118,0.719 ± 0.000,0.8302564102564102,0.0,0.8302564102564102,0.8302564102564102,0.830 ± 0.000,0.9455782312925172,0.0,0.9455782312925172,0.9455782312925172,0.946 ± 0.000,0.3333333333333333,0.0,0.3333333333333333,0.3333333333333333,0.333 ± 0.000,0.4347016416363979,0.0,0.4347016416363979,0.4347016416363979,0.435 ± 0.000,0.4615498453599986,0.0,0.4615498453599986,0.4615498453599986,0.462 ± 0.000,0.8781021897810218,0.0,0.8781021897810218,0.8781021897810218,0.878 ± 0.000,0.0078505262704869,0.0,0.0078505262704869,0.0078505262704869,0.008 ± 0.000,0.046937947855815,0.0,0.046937947855815,0.046937947855815,0.047 ± 0.000,0.0397410583821409,0.0,0.0397410583821409,0.0397410583821409,0.040 ± 0.000,0.0627063662215763,0.0,0.0627063662215763,0.0627063662215763,0.063 ± 0.000,0.2325264970983024,0.0,0.2325264970983024,0.2325264970983024,0.233 ± 0.000,0.0348767430838819,0.0,0.0348767430838819,0.0348767430838819,0.035 ± 0.000,0.0507897737140817,0.0,0.0507897737140817,0.0507897737140817,0.051 ± 0.000,0.181228838169233,0.0,0.181228838169233,0.181228838169233,0.181 ± 0.000,0.0302449363130972,0.0,0.0302449363130972,0.0302449363130972,0.030 ± 0.000,,,,,,,,,,,,,,,,,,,,,,,,,,,,,,,,,,,,,,,,,,,,,,,,,,,,,,,,,,,,,,,,,,,,,,,,,,,,,,,,,,,,,,,,,,,,,,,,,,,,,,,,,,,,,,,,,,,,,,,,,,,,,
ClinTox,random,xgboost,1,0.9974293059125964,0.0,0.9974293059125964,0.9974293059125964,0.997 ± 0.000,0.9803921568627452,0.0,0.9803921568627452,0.9803921568627452,0.980 ± 0.000,0.9792327978363524,0.0,0.9792327978363524,0.9792327978363524,0.979 ± 0.000,0.9920938224735693,0.0,0.9920938224735693,0.9920938224735693,0.992 ± 0.000,0.998722657813567,0.0,0.998722657813567,0.998722657813567,0.999 ± 0.000,0.9379310344827586,0.0,0.9379310344827586,0.9379310344827586,0.938 ± 0.000,0.5714285714285714,0.0,0.5714285714285714,0.5714285714285714,0.571 ± 0.000,0.611637735448411,0.0,0.611637735448411,0.611637735448411,0.612 ± 0.000,0.7161993250761187,0.0,0.7161993250761187,0.7161993250761187,0.716 ± 0.000,0.8266666666666667,0.0,0.8266666666666667,0.8266666666666667,0.827 ± 0.000,0.9455782312925172,0.0,0.9455782312925172,0.9455782312925172,0.946 ± 0.000,0.4285714285714285,0.0,0.4285714285714285,0.4285714285714285,0.429 ± 0.000,0.4529873504708391,0.0,0.4529873504708391,0.4529873504708391,0.453 ± 0.000,0.4839754543701912,0.0,0.4839754543701912,0.4839754543701912,0.484 ± 0.000,0.8613138686131387,0.0,0.8613138686131387,0.8613138686131387,0.861 ± 0.000,0.0041580041539972,0.0,0.0041580041539972,0.0041580041539972,0.004 ± 0.000,0.0250888221815963,0.0,0.0250888221815963,0.0250888221815963,0.025 ± 0.000,0.0176560043252768,0.0,0.0176560043252768,0.0176560043252768,0.018 ± 0.000,0.050935003263829,0.0,0.050935003263829,0.050935003263829,0.051 ± 0.000,0.2641103232824801,0.0,0.2641103232824801,0.2641103232824801,0.264 ± 0.000,0.0467679772076421,0.0,0.0467679772076421,0.0467679772076421,0.047 ± 0.000,0.0506872189456408,0.0,0.0506872189456408,0.0506872189456408,0.051 ± 0.000,0.2017510397241859,0.0,0.2017510397241859,0.2017510397241859,0.202 ± 0.000,0.0432815705584425,0.0,0.0432815705584425,0.0432815705584425,0.043 ± 0.000,,,,,,,,,,,,,,,,,,,,,,,,,,,,,,,,,,,,,,,,,,,,,,,,,,,,,,,,,,,,,,,,,,,,,,,,,,,,,,,,,,,,,,,,,,,,,,,,,,,,,,,,,,,,,,,,,,,,,,,,,,,,,
ClinTox,scaffold,gin,5,0.9475578406169666,0.0071539439467839,0.939160239931448,0.9554413024850044,0.948 ± 0.007,0.4428361902917953,0.14216949736452242,0.2526315789473684,0.5737704918032787,0.443 ± 0.142,0.49366051103282016,0.10239715098776858,0.3683623422784792,0.5977776832539187,0.494 ± 0.102,0.6428639728307992,0.05848965860751044,0.561091005110636,0.7198924421276025,0.643 ± 0.058,0.9441092784421821,0.008899012413785384,0.9370192948917442,0.9571922375850264,0.944 ± 0.009,0.9561643835616438,0.0061262136369856935,0.952054794520548,0.9657534246575342,0.956 ± 0.006,0.3253246753246753,0.053958655611797975,0.25,0.3636363636363636,0.325 ± 0.054,0.3389937777849231,0.04554982192462268,0.2724387703647988,0.4011477785428769,0.339 ± 0.046,0.396969878112211,0.04984160345002572,0.3409285431725825,0.444651548099824,0.397 ± 0.050,0.9002380952380952,0.01334714420778472,0.8773809523809524,0.9107142857142856,0.900 ± 0.013,0.9068493150684931,0.0037515243664737554,0.9041095890410958,0.910958904109589,0.907 ± 0.004,0.33566518023039754,0.15226763861827242,0.125,0.4615384615384615,0.336 ± 0.152,0.32061511586418895,0.11635198659111089,0.1617464583442765,0.410713758985647,0.321 ± 0.116,0.3896977207703418,0.056264674909671866,0.2908920181536634,0.4253144801253332,0.390 ± 0.056,0.8438311688311689,0.019191274984034473,0.810064935064935,0.856060606060606,0.844 ± 0.019,0.04189425722246028,0.004513813884807164,0.0361631027314283,0.046596474897059,0.042 ± 0.005,0.1422357125916994,0.015073259356984612,0.1244133423162088,0.1593291407626296,0.142 ± 0.015,0.02856119879416346,0.01425062940491522,0.0134929847799424,0.0519705435068502,0.029 ± 0.014,0.04224001981410262,0.005332982174738647,0.0336978964650909,0.0477570098376018,0.042 ± 0.005,0.14916970826632173,0.021183905628404744,0.1173059631918833,0.1721265291721758,0.149 ± 0.021,0.050964382717216664,0.02258362656054894,0.0187454749495025,0.0816767102998532,0.051 ± 0.023,0.07616177701412989,0.0029948814494436034,0.0722769647820023,0.0787731485215614,0.076 ± 0.003,0.27369057545141107,0.02762062323418229,0.2488159546859571,0.3149994138512315,0.274 ± 0.028,0.05660024018055602,0.011982288733618068,0.0421397503609871,0.072175710416757,0.057 ± 0.012,37.2,6.300793600809345,32.0,45.0,37.200 ± 6.301,,,,,,,,,,,,,,,,,,,,,,,,,,,,,,,,,,,,,,,,,,,,,,,,,,,,,,,,,,,,,,,,,,,,,,,,,,,,,,,,,,,,,,,,,,,,,,,,,,,,,,,,,,,,,,,,,,,,,,,,
ClinTox,scaffold,mlp,5,0.998286203941731,0.0,0.998286203941731,0.998286203941731,0.998 ± 0.000,0.9878048780487804,0.0,0.9878048780487804,0.9878048780487804,0.988 ± 0.000,0.9869682721507871,1.2412670766236366e-16,0.9869682721507872,0.9869682721507872,0.987 ± 0.000,0.9970503864196283,1.2412670766236366e-16,0.9970503864196284,0.9970503864196284,0.997 ± 0.000,0.9997332503445516,0.0,0.9997332503445516,0.9997332503445516,1.000 ± 0.000,0.9315068493150684,0.0,0.9315068493150684,0.9315068493150684,0.932 ± 0.000,0.0,0.0,0.0,0.0,0.000 ± 0.000,-0.0347454092041608,0.0,-0.0347454092041608,-0.0347454092041608,-0.035 ± 0.000,0.0759326625708778,0.0,0.0759326625708778,0.0759326625708778,0.076 ± 0.000,0.6416666666666666,0.0,0.6416666666666666,0.6416666666666666,0.642 ± 0.000,0.8972602739726028,0.0,0.8972602739726028,0.8972602739726028,0.897 ± 0.000,0.2857142857142857,0.0,0.2857142857142857,0.2857142857142857,0.286 ± 0.000,0.2535546113957178,0.0,0.2535546113957178,0.2535546113957178,0.254 ± 0.000,0.3304394320156908,0.0,0.3304394320156908,0.3304394320156908,0.330 ± 0.000,0.6796536796536796,0.0,0.6796536796536796,0.6796536796536796,0.680 ± 0.000,0.0020366820652358,0.0,0.0020366820652358,0.0020366820652358,0.002 ± 0.000,0.0085736198561734,0.0,0.0085736198561734,0.0085736198561734,0.009 ± 0.000,0.0024739752253542,0.0,0.0024739752253542,0.0024739752253542,0.002 ± 0.000,0.066501945146689,0.0,0.066501945146689,0.066501945146689,0.067 ± 0.000,0.5250084667581579,0.0,0.5250084667581579,0.5250084667581579,0.525 ± 0.000,0.0687919508657557,0.0,0.0687919508657557,0.0687919508657557,0.069 ± 0.000,0.095685189307055,0.0,0.095685189307055,0.095685189307055,0.096 ± 0.000,0.7946195221463059,0.0,0.7946195221463059,0.7946195221463059,0.795 ± 0.000,0.10094232097803682,1.5515838457795457e-17,0.1009423209780368,0.1009423209780368,0.101 ± 0.000,18.0,0.0,18.0,18.0,18.000 ± 0.000,,,,,,,,,,,,,,,,,,,,,,,,,,,,,,,,,,,,,,,,,,,,,,,,,,,,,,,,,,,,,,,,,,,,,,,,,,,,,,,,,,,,,,,,,,,,,,,,,,,,,,,,,,,,,,,,,,,,,,,,
ClinTox,scaffold,random_forest,5,0.998286203941731,0.0,0.998286203941731,0.998286203941731,0.998 ± 0.000,0.9880952380952379,1.2412670766236366e-16,0.988095238095238,0.988095238095238,0.988 ± 0.000,0.9872532511893478,0.0,0.9872532511893478,0.9872532511893478,0.987 ± 0.000,0.9991542550369417,0.00040209210723297765,0.998665405817814,0.9995713541622194,0.999 ± 0.000,0.9999466500689105,2.9823518127881124e-05,0.9999110834481838,0.999977770862046,1.000 ± 0.000,0.9520547945205479,1.2412670766236366e-16,0.952054794520548,0.952054794520548,0.952 ± 0.000,0.0,0.0,0.0,0.0,0.000 ± 0.000,-0.0171920476518375,0.0,-0.0171920476518375,-0.0171920476518375,-0.017 ± 0.000,0.09039635556547276,0.0027140512397071325,0.0876446346079114,0.0945973550638622,0.090 ± 0.003,0.675952380952381,0.01631538824006455,0.6636904761904762,0.7035714285714286,0.676 ± 0.016,0.9068493150684931,0.0037515243664737554,0.9041095890410958,0.910958904109589,0.907 ± 0.004,0.05333333333333332,0.07302967433402213,0.0,0.1333333333333333,0.053 ± 0.073,0.10199971022850755,0.13966885537786,0.0,0.2549992755712689,0.102 ± 0.140,0.4954398281789765,0.015411836931977362,0.4770615326187252,0.5178395819323752,0.495 ± 0.015,0.7721861471861471,0.01063315130580548,0.7616341991341992,0.7878787878787878,0.772 ± 0.011,0.0074217821899026605,0.00015804132344020963,0.0072758980462544,0.0076337748387501,0.007 ± 0.000,0.04507203226921108,0.0005127210566015182,0.0442435998283519,0.0455765948027145,0.045 ± 0.001,0.038536723285284444,0.0006600155363425158,0.0374393236854211,0.0390215809413884,0.039 ± 0.001,0.04595020108166242,0.00040120244012993117,0.0453016715076811,0.0463083613844107,0.046 ± 0.000,0.18887638314191446,0.002245234578280587,0.1850755942755784,0.1908220111791241,0.189 ± 0.002,0.050204839499394215,0.001928019639077733,0.0472803795840503,0.0519563080134828,0.050 ± 0.002,0.07370606666496429,0.0007338914509509875,0.072787199688481,0.0744186400543012,0.074 ± 0.001,0.2637370844779491,0.002260853417832566,0.2598263352550209,0.2654708935699051,0.264 ± 0.002,0.037360750964106584,0.0024138496206967753,0.0332915727187652,0.0391863953907626,0.037 ± 0.002,,,,,,,,,,,,,,,,,,,,,,,,,,,,,,,,,,,,,,,,,,,,,,,,,,,,,,,,,,,,,,,,,,,,,,,,,,,,,,,,,,,,,,,,,,,,,,,,,,,,,,,,,,,,,,,,,,,,,,,,,,,,,
ClinTox,scaffold,xgboost,5,0.9972579263067696,0.0003832164485860032,0.996572407883462,0.9974293059125964,0.997 ± 0.000,0.9803378020146937,0.0028113859294476356,0.9753086419753086,0.98159509202454,0.980 ± 0.003,0.97908674740884,0.0029492112449830627,0.973811037949809,0.980405674773598,0.979 ± 0.003,0.9924164163017558,0.00025513247003672757,0.9921643367108988,0.992755991801705,0.992 ± 0.000,0.9986984839727915,0.00010037015807043776,0.998577335170942,0.9988329702574134,0.999 ± 0.000,0.936986301369863,0.0030631068184928745,0.9315068493150684,0.9383561643835616,0.937 ± 0.003,0.0,0.0,0.0,0.0,0.000 ± 0.000,-0.030937090833338638,0.0021289146892798996,-0.0347454092041608,-0.0299850112406331,-0.031 ± 0.002,0.15947161837853077,0.008779853056268081,0.1481177606177606,0.171541371869652,0.159 ± 0.009,0.8585714285714285,0.005545626047072472,0.8511904761904762,0.8642857142857143,0.859 ± 0.006,0.9287671232876713,0.0037515243664736947,0.9246575342465754,0.9315068493150684,0.929 ± 0.004,0.4904761904761904,0.01304101327393257,0.4761904761904761,0.5,0.490 ± 0.013,0.4996203904550397,0.025840740365669728,0.4713132776532165,0.5184917989895885,0.500 ± 0.026,0.4790031130815933,0.0071068491536985644,0.4713603212157231,0.4898916347035538,0.479 ± 0.007,0.7641774891774891,0.010467667636149756,0.7532467532467533,0.7813852813852814,0.764 ± 0.010,0.004365278901021781,1.7670249164080436e-05,0.0043373752594217,0.004380153300284,0.004 ± 0.000,0.0264101220849411,0.00011834515391718604,0.026242585661417,0.0265674046468677,0.026 ± 0.000,0.0180620974925727,0.0001105824656072633,0.0179223595402541,0.0182243762314383,0.018 ± 0.000,0.049149652669488356,0.001795225675828062,0.0463410808095101,0.0510707049272738,0.049 ± 0.002,0.16990748600722774,0.006435549227117688,0.1613580460718152,0.1770566770846623,0.170 ± 0.006,0.051008459083633814,0.0037431104533306165,0.0473662173273424,0.0568214421964263,0.051 ± 0.004,0.07079861064500777,0.0015123894208648294,0.0689710936808077,0.0720231626703384,0.071 ± 0.002,0.32005538113700716,0.007839123928148284,0.3072058092032505,0.3281094358639994,0.320 ± 0.008,0.07021596293181989,0.0035697460244621796,0.0665911965021123,0.0753410689736882,0.070 ± 0.004,,,,,,,,,,,,,,,,,,,,,,,,,,,,,,,,,,,,,,,,,,,,,,,,,,,,,,,,,,,,,,,,,,,,,,,,,,,,,,,,,,,,,,,,,,,,,,,,,,,,,,,,,,,,,,,,,,,,,,,,,,,,,
Lipophilicity,random,gin,1,,,,,,,,,,,,,,,,,,,,,,,,,,,,,,,,,,,,,,,,,,,,,,,,,,,,,,,,,,,,,,,,,,,,,,,,,,,,,,,,,,,,,,,,,,,,,,,,,,,,,,,,,,,,,,,,,,,,,,,,,69.0,0.0,69.0,69.0,69.000 ± 0.000,,,,,,,,,,,,,,,,,,,,,,,,,,,,,,,,,,,,,,,,,,,,,,,,,,,,,,,,,,,,,,,,,,,,,,,,,,,,0.5021588207516331,0.0,0.5021588207516331,0.5021588207516331,0.502 ± 0.000,0.6422340647207766,0.0,0.6422340647207766,0.6422340647207766,0.642 ± 0.000,0.7074612858765515,0.0,0.7074612858765515,0.7074612858765515,0.707 ± 0.000,0.6327043648809194,0.0,0.6327043648809194,0.6327043648809194,0.633 ± 0.000,0.8218899507871141,0.0,0.8218899507871141,0.8218899507871141,0.822 ± 0.000,0.5766022140627246,0.0,0.5766022140627246,0.5766022140627246,0.577 ± 0.000,0.5694397084281912,0.0,0.5694397084281912,0.5694397084281912,0.569 ± 0.000,0.7237393641675711,0.0,0.7237393641675711,0.7237393641675711,0.724 ± 0.000,0.670333517590458,0.0,0.670333517590458,0.670333517590458,0.670 ± 0.000
Lipophilicity,random,mlp,1,,,,,,,,,,,,,,,,,,,,,,,,,,,,,,,,,,,,,,,,,,,,,,,,,,,,,,,,,,,,,,,,,,,,,,,,,,,,,,,,,,,,,,,,,,,,,,,,,,,,,,,,,,,,,,,,,,,,,,,,,31.0,0.0,31.0,31.0,31.000 ± 0.000,,,,,,,,,,,,,,,,,,,,,,,,,,,,,,,,,,,,,,,,,,,,,,,,,,,,,,,,,,,,,,,,,,,,,,,,,,,,0.1265389128848688,0.0,0.1265389128848688,0.1265389128848688,0.127 ± 0.000,0.1656064881042216,0.0,0.1656064881042216,0.1656064881042216,0.166 ± 0.000,0.980548577435915,0.0,0.980548577435915,0.980548577435915,0.981 ± 0.000,0.6172684954213244,0.0,0.6172684954213244,0.6172684954213244,0.617 ± 0.000,0.8339647152334612,0.0,0.8339647152334612,0.8339647152334612,0.834 ± 0.000,0.5640701638765406,0.0,0.5640701638765406,0.5640701638765406,0.564 ± 0.000,0.6001906605925234,0.0,0.6001906605925234,0.6001906605925234,0.600 ± 0.000,0.8224664320564101,0.0,0.8224664320564101,0.8224664320564101,0.822 ± 0.000,0.5742577327122838,0.0,0.5742577327122838,0.5742577327122838,0.574 ± 0.000
Lipophilicity,random,random_forest,1,,,,,,,,,,,,,,,,,,,,,,,,,,,,,,,,,,,,,,,,,,,,,,,,,,,,,,,,,,,,,,,,,,,,,,,,,,,,,,,,,,,,,,,,,,,,,,,,,,,,,,,,,,,,,,,,,,,,,,,,,,,,,,,,,,,,,,,,,,,,,,,,,,,,,,,,,,,,,,,,,,,,,,,,,,,,,,,,,,,,,,,,,,,,,,,,,,,,,,,,,0.2246405520463997,0.0,0.2246405520463997,0.2246405520463997,0.225 ± 0.000,0.2982544670384499,0.0,0.2982544670384499,0.2982544670384499,0.298 ± 0.000,0.9369085386136684,0.0,0.9369085386136684,0.9369085386136684,0.937 ± 0.000,0.6891190490929707,0.0,0.6891190490929707,0.6891190490929707,0.689 ± 0.000,0.9002560517475685,0.0,0.9002560517475685,0.9002560517475685,0.900 ± 0.000,0.4920121267431231,0.0,0.4920121267431231,0.4920121267431231,0.492 ± 0.000,0.6411080673658348,0.0,0.6411080673658348,0.6411080673658348,0.641 ± 0.000,0.8726155683497185,0.0,0.8726155683497185,0.8726155683497185,0.873 ± 0.000,0.5207564020770283,0.0,0.5207564020770283,0.5207564020770283,0.521 ± 0.000
Lipophilicity,random,xgboost,1,,,,,,,,,,,,,,,,,,,,,,,,,,,,,,,,,,,,,,,,,,,,,,,,,,,,,,,,,,,,,,,,,,,,,,,,,,,,,,,,,,,,,,,,,,,,,,,,,,,,,,,,,,,,,,,,,,,,,,,,,,,,,,,,,,,,,,,,,,,,,,,,,,,,,,,,,,,,,,,,,,,,,,,,,,,,,,,,,,,,,,,,,,,,,,,,,,,,,,,,,0.3175218290564391,0.0,0.3175218290564391,0.3175218290564391,0.318 ± 0.000,0.410258861283767,0.0,0.410258861283767,0.410258861283767,0.410 ± 0.000,0.8806252118888922,0.0,0.8806252118888922,0.8806252118888922,0.881 ± 0.000,0.6829415257566033,0.0,0.6829415257566033,0.6829415257566033,0.683 ± 0.000,0.8827882929605004,0.0,0.8827882929605004,0.8827882929605004,0.883 ± 0.000,0.5115339589809231,0.0,0.5115339589809231,0.5115339589809231,0.512 ± 0.000,0.6123303122039707,0.0,0.6123303122039707,0.6123303122039707,0.612 ± 0.000,0.8106815533606115,0.0,0.8106815533606115,0.8106815533606115,0.811 ± 0.000,0.5863709924222719,0.0,0.5863709924222719,0.5863709924222719,0.586 ± 0.000
Lipophilicity,scaffold,chemberta,1,,,,,,,,,,,,,,,,,,,,,,,,,,,,,,,,,,,,,,,,,,,,,,,,,,,,,,,,,,,,,,,,,,,,,,,,,,,,,,,,,,,,,,,,,,,,,,,,,,,,,,,,,,,,,,,,,,,,,,,,,,,,,,0.5987642407417297,0.0,0.5987642407417297,0.5987642407417297,0.599 ± 0.000,3.4373,0.0,3.4373,3.4373,3.437 ± 0.000,977.505,0.0,977.505,977.505,977.505 ± 0.000,61.094,0.0,61.094,61.094,61.094 ± 0.000,10.0,0.0,10.0,10.0,10.000 ± 0.000,0.7660898566246033,0.0,0.7660898566246033,0.7660898566246033,0.766 ± 0.000,0.4305,0.0,0.4305,0.4305,0.430 ± 0.000,975.598,0.0,975.598,975.598,975.598 ± 0.000,62.717,0.0,62.717,62.717,62.717 ± 0.000,10.0,0.0,10.0,10.0,10.000 ± 0.000,0.832241952419281,0.0,0.832241952419281,0.832241952419281,0.832 ± 0.000,0.4384,0.0,0.4384,0.4384,0.438 ± 0.000,957.99,0.0,957.99,957.99,957.990 ± 0.000,61.585,0.0,61.585,61.585,61.585 ± 0.000,10.0,0.0,10.0,10.0,10.000 ± 0.000,0.6034846305847168,0.0,0.6034846305847168,0.6034846305847168,0.603 ± 0.000,0.7737985789220149,0.0,0.7737985789220149,0.7737985789220149,0.774 ± 0.000,0.5894112586975098,0.0,0.5894112586975098,0.5894112586975098,0.589 ± 0.000,0.6869093179702759,0.0,0.6869093179702759,0.6869093179702759,0.687 ± 0.000,0.8752655579993757,0.0,0.8752655579993757,0.8752655579993757,0.875 ± 0.000,0.4459187388420105,0.0,0.4459187388420105,0.4459187388420105,0.446 ± 0.000,0.7230210304260254,0.0,0.7230210304260254,0.7230210304260254,0.723 ± 0.000,0.9122729267136211,0.0,0.9122729267136211,0.9122729267136211,0.912 ± 0.000,0.4114001393318176,0.0,0.4114001393318176,0.4114001393318176,0.411 ± 0.000
Lipophilicity,scaffold,gin,5,,,,,,,,,,,,,,,,,,,,,,,,,,,,,,,,,,,,,,,,,,,,,,,,,,,,,,,,,,,,,,,,,,,,,,,,,,,,,,,,,,,,,,,,,,,,,,,,,,,,,,,,,,,,,,,,,,,,,,,,,76.4,2.3021728866442674,74.0,79.0,76.400 ± 2.302,,,,,,,,,,,,,,,,,,,,,,,,,,,,,,,,,,,,,,,,,,,,,,,,,,,,,,,,,,,,,,,,,,,,,,,,,,,,0.4878929545733678,0.010321155567184834,0.4736042031624709,0.4995472150815961,0.488 ± 0.010,0.6282524901456785,0.01269371654862916,0.6138092745847696,0.6415283106736542,0.628 ± 0.013,0.7292544199754396,0.010935431505342038,0.7177832544319929,0.7416443171423822,0.729 ± 0.011,0.5895741097522634,0.005059535370012751,0.5837139422694843,0.5959521733046997,0.590 ± 0.005,0.7617746734443378,0.0043619206647170766,0.7565555723891498,0.7680023527404923,0.762 ± 0.004,0.5802814281914612,0.004809698603517002,0.5734019786512221,0.5860237705382875,0.580 ± 0.005,0.5822489354111964,0.013192367313021446,0.5623436920832665,0.5932033047567875,0.582 ± 0.013,0.7483930890495832,0.011994615735278713,0.7383255332843903,0.7651757314151844,0.748 ± 0.012,0.6037955517148929,0.012744915264216124,0.5859117107626768,0.61446274641228,0.604 ± 0.013
Lipophilicity,scaffold,mlp,5,,,,,,,,,,,,,,,,,,,,,,,,,,,,,,,,,,,,,,,,,,,,,,,,,,,,,,,,,,,,,,,,,,,,,,,,,,,,,,,,,,,,,,,,,,,,,,,,,,,,,,,,,,,,,,,,,,,,,,,,,33.0,0.0,33.0,33.0,33.000 ± 0.000,,,,,,,,,,,,,,,,,,,,,,,,,,,,,,,,,,,,,,,,,,,,,,,,,,,,,,,,,,,,,,,,,,,,,,,,,,,,0.133035744665124,0.0,0.133035744665124,0.133035744665124,0.133 ± 0.000,0.1752558595399033,0.0,0.1752558595399033,0.1752558595399033,0.175 ± 0.000,0.9789381642984596,0.0,0.9789381642984596,0.9789381642984596,0.979 ± 0.000,0.6983686116124902,0.0,0.6983686116124902,0.6983686116124902,0.698 ± 0.000,0.9166194228729536,0.0,0.9166194228729536,0.9166194228729536,0.917 ± 0.000,0.3923243321593933,0.0,0.3923243321593933,0.3923243321593933,0.392 ± 0.000,0.6964468811017771,0.0,0.6964468811017771,0.6964468811017771,0.696 ± 0.000,0.9030943705114716,0.0,0.9030943705114716,0.9030943705114716,0.903 ± 0.000,0.4231846037574075,0.0,0.4231846037574075,0.4231846037574075,0.423 ± 0.000
Lipophilicity,scaffold,random_forest,5,,,,,,,,,,,,,,,,,,,,,,,,,,,,,,,,,,,,,,,,,,,,,,,,,,,,,,,,,,,,,,,,,,,,,,,,,,,,,,,,,,,,,,,,,,,,,,,,,,,,,,,,,,,,,,,,,,,,,,,,,,,,,,,,,,,,,,,,,,,,,,,,,,,,,,,,,,,,,,,,,,,,,,,,,,,,,,,,,,,,,,,,,,,,,,,,,,,,,,,,,0.21794368077836207,0.0007159607240330644,0.2168330596152857,0.218698624515564,0.218 ± 0.001,0.2933340298463696,0.0010239515350549408,0.2923677433658677,0.2947355800141266,0.293 ± 0.001,0.940996162663315,0.0004121669253778006,0.9404315555927648,0.941384828835488,0.941 ± 0.000,0.7342057484013604,0.0017735039767247088,0.7314879741496599,0.7361182091836735,0.734 ± 0.002,0.9413936385239896,0.0015566104188630648,0.9387774949670212,0.9427430058866872,0.941 ± 0.002,0.3590307357062733,0.0021180160564468367,0.3571933299051651,0.3625897014203905,0.359 ± 0.002,0.7388008857135989,0.0019212689343981076,0.7362458837576447,0.7409589794784583,0.739 ± 0.002,0.9655922766899213,0.0025423013893473836,0.962009792711872,0.9688086347529764,0.966 ± 0.003,0.34058237424459353,0.003471405893397273,0.3361857395809067,0.345469992488736,0.341 ± 0.003
Lipophilicity,scaffold,xgboost,5,,,,,,,,,,,,,,,,,,,,,,,,,,,,,,,,,,,,,,,,,,,,,,,,,,,,,,,,,,,,,,,,,,,,,,,,,,,,,,,,,,,,,,,,,,,,,,,,,,,,,,,,,,,,,,,,,,,,,,,,,,,,,,,,,,,,,,,,,,,,,,,,,,,,,,,,,,,,,,,,,,,,,,,,,,,,,,,,,,,,,,,,,,,,,,,,,,,,,,,,,0.31058993233431215,0.001417621335168537,0.3091545214152179,0.3124588214127303,0.311 ± 0.001,0.40337508559488205,0.0019926822793198077,0.4013745253048743,0.4056924896366767,0.403 ± 0.002,0.8884222123535942,0.0011029205793388235,0.887138696457255,0.8895283765994942,0.888 ± 0.001,0.716861451568295,0.005572001035931674,0.7095579539533882,0.7240477123994026,0.717 ± 0.006,0.9200898271292465,0.0038393848329421475,0.91484364586492,0.9237806186314969,0.920 ± 0.004,0.3877056611206625,0.005105491965716737,0.3827921671486692,0.3946765643427691,0.388 ± 0.005,0.6871273288265934,0.005682230075252,0.6811525605635806,0.6947917351296969,0.687 ± 0.006,0.8897448864840911,0.006712926108316463,0.8840521162231412,0.8994164404313929,0.890 ± 0.007,0.4400859642537041,0.008464517695822705,0.4278732950504822,0.4472531041994202,0.440 ± 0.008
Solubility,random,gin,1,,,,,,,,,,,,,,,,,,,,,,,,,,,,,,,,,,,,,,,,,,,,,,,,,,,,,,,,,,,,,,,,,,,,,,,,,,,,,,,,,,,,,,,,,,,,,,,,,,,,,,,,,,,,,,,,,,,,,,,,,57.0,0.0,57.0,57.0,57.000 ± 0.000,,,,,,,,,,,,,,,,,,,,,,,,,,,,,,,,,,,,,,,,,,,,,,,,,,,,,,,,,,,,,,,,,,,,,,,,,,,,0.7762171192598543,0.0,0.7762171192598543,0.7762171192598543,0.776 ± 0.000,1.0797905004546706,0.0,1.0797905004546706,1.0797905004546706,1.080 ± 0.000,0.7934843970281286,0.0,0.7934843970281286,0.7934843970281286,0.793 ± 0.000,0.8626541034369832,0.0,0.8626541034369832,0.8626541034369832,0.863 ± 0.000,1.1663382131154638,0.0,1.1663382131154638,1.1663382131154638,1.166 ± 0.000,0.756603320394151,0.0,0.756603320394151,0.756603320394151,0.757 ± 0.000,0.8605574892803064,0.0,0.8605574892803064,0.8605574892803064,0.861 ± 0.000,1.196747625590494,0.0,1.196747625590494,1.196747625590494,1.197 ± 0.000,0.7304828975890535,0.0,0.7304828975890535,0.7304828975890535,0.730 ± 0.000
Solubility,random,mlp,1,,,,,,,,,,,,,,,,,,,,,,,,,,,,,,,,,,,,,,,,,,,,,,,,,,,,,,,,,,,,,,,,,,,,,,,,,,,,,,,,,,,,,,,,,,,,,,,,,,,,,,,,,,,,,,,,,,,,,,,,,15.0,0.0,15.0,15.0,15.000 ± 0.000,,,,,,,,,,,,,,,,,,,,,,,,,,,,,,,,,,,,,,,,,,,,,,,,,,,,,,,,,,,,,,,,,,,,,,,,,,,,0.2911878211462244,0.0,0.2911878211462244,0.2911878211462244,0.291 ± 0.000,0.4533612490602962,0.0,0.4533612490602962,0.4533612490602962,0.453 ± 0.000,0.9635948640505566,0.0,0.9635948640505566,0.9635948640505566,0.964 ± 0.000,0.9224761986590824,0.0,0.9224761986590824,0.9224761986590824,0.922 ± 0.000,1.2931580046205224,0.0,1.2931580046205224,1.2931580046205224,1.293 ± 0.000,0.7007950152348044,0.0,0.7007950152348044,0.7007950152348044,0.701 ± 0.000,0.9452166554333458,0.0,0.9452166554333458,0.9452166554333458,0.945 ± 0.000,1.322603478839434,0.0,1.322603478839434,1.322603478839434,1.323 ± 0.000,0.6708146484322846,0.0,0.6708146484322846,0.6708146484322846,0.671 ± 0.000
Solubility,random,random_forest,1,,,,,,,,,,,,,,,,,,,,,,,,,,,,,,,,,,,,,,,,,,,,,,,,,,,,,,,,,,,,,,,,,,,,,,,,,,,,,,,,,,,,,,,,,,,,,,,,,,,,,,,,,,,,,,,,,,,,,,,,,,,,,,,,,,,,,,,,,,,,,,,,,,,,,,,,,,,,,,,,,,,,,,,,,,,,,,,,,,,,,,,,,,,,,,,,,,,,,,,,,0.3707923182029698,0.0,0.3707923182029698,0.3707923182029698,0.371 ± 0.000,0.5394550333648999,0.0,0.5394550333648999,0.5394550333648999,0.539 ± 0.000,0.9484552586575558,0.0,0.9484552586575558,0.9484552586575558,0.948 ± 0.000,0.9480399395219996,0.0,0.9480399395219996,0.9480399395219996,0.948 ± 0.000,1.3406738541860916,0.0,1.3406738541860916,1.3406738541860916,1.341 ± 0.000,0.6784030503983471,0.0,0.6784030503983471,0.6784030503983471,0.678 ± 0.000,0.967780256073456,0.0,0.967780256073456,0.967780256073456,0.968 ± 0.000,1.3341378319794095,0.0,1.3341378319794095,1.3341378319794095,1.334 ± 0.000,0.6650479967290766,0.0,0.6650479967290766,0.6650479967290766,0.665 ± 0.000
Solubility,random,xgboost,1,,,,,,,,,,,,,,,,,,,,,,,,,,,,,,,,,,,,,,,,,,,,,,,,,,,,,,,,,,,,,,,,,,,,,,,,,,,,,,,,,,,,,,,,,,,,,,,,,,,,,,,,,,,,,,,,,,,,,,,,,,,,,,,,,,,,,,,,,,,,,,,,,,,,,,,,,,,,,,,,,,,,,,,,,,,,,,,,,,,,,,,,,,,,,,,,,,,,,,,,,0.7356920373382365,0.0,0.7356920373382365,0.7356920373382365,0.736 ± 0.000,1.0041983612197922,0.0,1.0041983612197922,1.0041983612197922,1.004 ± 0.000,0.8213870752610468,0.0,0.8213870752610468,0.8213870752610468,0.821 ± 0.000,0.9868112324121828,0.0,0.9868112324121828,0.9868112324121828,0.987 ± 0.000,1.340734879919769,0.0,1.340734879919769,1.340734879919769,1.341 ± 0.000,0.6783737723805734,0.0,0.6783737723805734,0.6783737723805734,0.678 ± 0.000,1.0282083063848069,0.0,1.0282083063848069,1.0282083063848069,1.028 ± 0.000,1.386656497837024,0.0,1.386656497837024,1.386656497837024,1.387 ± 0.000,0.6381580105298557,0.0,0.6381580105298557,0.6381580105298557,0.638 ± 0.000
Solubility,scaffold,gin,5,,,,,,,,,,,,,,,,,,,,,,,,,,,,,,,,,,,,,,,,,,,,,,,,,,,,,,,,,,,,,,,,,,,,,,,,,,,,,,,,,,,,,,,,,,,,,,,,,,,,,,,,,,,,,,,,,,,,,,,,,8.0,5.612486080160912,2.0,13.0,8.000 ± 5.612,,,,,,,,,,,,,,,,,,,,,,,,,,,,,,,,,,,,,,,,,,,,,,,,,,,,,,,,,,,,,,,,,,,,,,,,,,,,1.102822513001666,0.14449693506001815,0.9873067467352148,1.2626134381056853,1.103 ± 0.144,1.4680932057007243,0.1664609507585975,1.334065907838212,1.6503236470419609,1.468 ± 0.166,0.6152879040843695,0.08803937107961674,0.5188030213796944,0.6855589641045301,0.615 ± 0.088,1.3166090847431628,0.08616229744610707,1.2468910429846936,1.4111401289122885,1.317 ± 0.086,1.7745917705109266,0.04002111035701403,1.740599380267459,1.819137477200048,1.775 ± 0.040,0.33930407501912085,0.02990600718887959,0.3060006363549773,0.3646315009983014,0.339 ± 0.030,1.3846055699996669,0.11691054378409288,1.2921020541546606,1.513425098653571,1.385 ± 0.117,1.8425483524919073,0.08486344981235512,1.7704814710705543,1.935593143518292,1.843 ± 0.085,0.3468327383879783,0.06052494517610958,0.2804211686339463,0.3979493900472414,0.347 ± 0.061
Solubility,scaffold,mlp,5,,,,,,,,,,,,,,,,,,,,,,,,,,,,,,,,,,,,,,,,,,,,,,,,,,,,,,,,,,,,,,,,,,,,,,,,,,,,,,,,,,,,,,,,,,,,,,,,,,,,,,,,,,,,,,,,,,,,,,,,,3.0,0.0,3.0,3.0,3.000 ± 0.000,,,,,,,,,,,,,,,,,,,,,,,,,,,,,,,,,,,,,,,,,,,,,,,,,,,,,,,,,,,,,,,,,,,,,,,,,,,,0.5929245170202916,0.0,0.5929245170202916,0.5929245170202916,0.593 ± 0.000,0.832277869050477,1.2412670766236366e-16,0.8322778690504768,0.8322778690504768,0.832 ± 0.000,0.8776169310366877,1.2412670766236366e-16,0.8776169310366876,0.8776169310366876,0.878 ± 0.000,1.2813939070702345,0.0,1.2813939070702345,1.2813939070702345,1.281 ± 0.000,1.6858882035906422,0.0,1.6858882035906422,1.6858882035906422,1.686 ± 0.000,0.4039460454473458,0.0,0.4039460454473458,0.4039460454473458,0.404 ± 0.000,1.4953332776509063,0.0,1.4953332776509063,1.4953332776509063,1.495 ± 0.000,1.950171710889256,0.0,1.950171710889256,1.950171710889256,1.950 ± 0.000,0.269540850532994,0.0,0.269540850532994,0.269540850532994,0.270 ± 0.000
Solubility,scaffold,random_forest,5,,,,,,,,,,,,,,,,,,,,,,,,,,,,,,,,,,,,,,,,,,,,,,,,,,,,,,,,,,,,,,,,,,,,,,,,,,,,,,,,,,,,,,,,,,,,,,,,,,,,,,,,,,,,,,,,,,,,,,,,,,,,,,,,,,,,,,,,,,,,,,,,,,,,,,,,,,,,,,,,,,,,,,,,,,,,,,,,,,,,,,,,,,,,,,,,,,,,,,,,,0.3434879207196696,0.0004784140308088846,0.3426789094532727,0.343931529636213,0.343 ± 0.000,0.5099088367154818,0.0008728038093034379,0.5085898773739552,0.510815508967818,0.510 ± 0.001,0.954062141857395,0.00015719764063798863,0.9538987398591978,0.9542995925925694,0.954 ± 0.000,1.3720557554266732,0.001564357132949357,1.3695365750888258,1.3734497685587796,1.372 ± 0.002,1.82947171372142,0.0015322539942327254,1.8280720682677127,1.8312048556210567,1.829 ± 0.002,0.29809284085886406,0.0011758604094258,0.2967627083062892,0.2991668176927473,0.298 ± 0.001,1.5536664571611818,0.003917792432302341,1.5478274338849611,1.5569901363063594,1.554 ± 0.004,2.0237544264576957,0.0032606287891329103,2.019237118358924,2.0270894543276743,2.024 ± 0.003,0.21337679969877268,0.002534353073365546,0.2107836852081849,0.2168862167097817,0.213 ± 0.003
Solubility,scaffold,xgboost,5,,,,,,,,,,,,,,,,,,,,,,,,,,,,,,,,,,,,,,,,,,,,,,,,,,,,,,,,,,,,,,,,,,,,,,,,,,,,,,,,,,,,,,,,,,,,,,,,,,,,,,,,,,,,,,,,,,,,,,,,,,,,,,,,,,,,,,,,,,,,,,,,,,,,,,,,,,,,,,,,,,,,,,,,,,,,,,,,,,,,,,,,,,,,,,,,,,,,,,,,,0.6940040814026931,0.0023698366945147224,0.6914439867578621,0.6965044007267209,0.694 ± 0.002,0.9601477409598049,0.003374883446044687,0.9564429566093716,0.9640925540278432,0.960 ± 0.003,0.8371210094595561,0.0011449394655796603,0.8357814908685578,0.8383771375080762,0.837 ± 0.001,1.2995497478645601,0.004957683336164549,1.291215751638896,1.3041262577473012,1.300 ± 0.005,1.6952027117663626,0.008936343023037793,1.6838369338631285,1.7077232795183566,1.695 ± 0.009,0.39732807323537295,0.006356533215512894,0.3884062654273922,0.4053956354299984,0.397 ± 0.006,1.4728102551093798,0.005312433836265379,1.468344369458839,1.480432199758722,1.473 ± 0.005,1.8931951752839282,0.010085659839347658,1.8794420707525088,1.902295370555828,1.893 ± 0.010,0.3115841448461888,0.007327277963596177,0.3049658755394657,0.3215652039072889,0.312 ± 0.007
Tox21_NR-AR,random,gin,1,0.9717825189263593,0.0,0.9717825189263593,0.9717825189263593,0.972 ± 0.000,0.59,0.0,0.59,0.59,0.590 ± 0.000,0.5861284490560481,0.0,0.5861284490560481,0.5861284490560481,0.586 ± 0.000,0.5822008021062716,0.0,0.5822008021062716,0.5822008021062716,0.582 ± 0.000,0.873641651265715,0.0,0.873641651265715,0.873641651265715,0.874 ± 0.000,0.9586776859504132,0.0,0.9586776859504132,0.9586776859504132,0.959 ± 0.000,0.5714285714285714,0.0,0.5714285714285714,0.5714285714285714,0.571 ± 0.000,0.5723636447169668,0.0,0.5723636447169668,0.5723636447169668,0.572 ± 0.000,0.5460995874099778,0.0,0.5460995874099778,0.5460995874099778,0.546 ± 0.000,0.8111170354572114,0.0,0.8111170354572114,0.8111170354572114,0.811 ± 0.000,0.9601100412654744,0.0,0.9601100412654744,0.9601100412654744,0.960 ± 0.000,0.4081632653061224,0.0,0.4081632653061224,0.4081632653061224,0.408 ± 0.000,0.3954346327316785,0.0,0.3954346327316785,0.3954346327316785,0.395 ± 0.000,0.3659538639811741,0.0,0.3659538639811741,0.3659538639811741,0.366 ± 0.000,0.6788607845074597,0.0,0.6788607845074597,0.6788607845074597,0.679 ± 0.000,0.0242304135955476,0.0,0.0242304135955476,0.0242304135955476,0.024 ± 0.000,0.1036039842048866,0.0,0.1036039842048866,0.1036039842048866,0.104 ± 0.000,0.0065268931408984,0.0,0.0065268931408984,0.0065268931408984,0.007 ± 0.000,0.0371071276906347,0.0,0.0371071276906347,0.0371071276906347,0.037 ± 0.000,0.1670155005688003,0.0,0.1670155005688003,0.1670155005688003,0.167 ± 0.000,0.0203108348478042,0.0,0.0203108348478042,0.0203108348478042,0.020 ± 0.000,0.0345995699167344,0.0,0.0345995699167344,0.0345995699167344,0.035 ± 0.000,0.1579549050794109,0.0,0.1579549050794109,0.1579549050794109,0.158 ± 0.000,0.0167853071472059,0.0,0.0167853071472059,0.0167853071472059,0.017 ± 0.000,36.0,0.0,36.0,36.0,36.000 ± 0.000,,,,,,,,,,,,,,,,,,,,,,,,,,,,,,,,,,,,,,,,,,,,,,,,,,,,,,,,,,,,,,,,,,,,,,,,,,,,,,,,,,,,,,,,,,,,,,,,,,,,,,,,,,,,,,,,,,,,,,,,
Tox21_NR-AR,random,mlp,1,0.9788368891947694,0.0,0.9788368891947694,0.9788368891947694,0.979 ± 0.000,0.663013698630137,0.0,0.663013698630137,0.663013698630137,0.663 ± 0.000,0.6849992241243209,0.0,0.6849992241243209,0.6849992241243209,0.685 ± 0.000,0.80810542577015,0.0,0.80810542577015,0.80810542577015,0.808 ± 0.000,0.978287317924276,0.0,0.978287317924276,0.978287317924276,0.978 ± 0.000,0.962809917355372,0.0,0.962809917355372,0.962809917355372,0.963 ± 0.000,0.5714285714285714,0.0,0.5714285714285714,0.5714285714285714,0.571 ± 0.000,0.6092456534269943,0.0,0.6092456534269943,0.6092456534269943,0.609 ± 0.000,0.5155789076469659,0.0,0.5155789076469659,0.5155789076469659,0.516 ± 0.000,0.7384364169554786,0.0,0.7384364169554786,0.7384364169554786,0.738 ± 0.000,0.968363136176066,0.0,0.968363136176066,0.968363136176066,0.968 ± 0.000,0.4390243902439024,0.0,0.4390243902439024,0.4390243902439024,0.439 ± 0.000,0.4700791150491154,0.0,0.4700791150491154,0.4700791150491154,0.470 ± 0.000,0.3335360041440339,0.0,0.3335360041440339,0.3335360041440339,0.334 ± 0.000,0.6371158976385733,0.0,0.6371158976385733,0.6371158976385733,0.637 ± 0.000,0.0166961898458112,0.0,0.0166961898458112,0.0166961898458112,0.017 ± 0.000,0.0635632558065516,0.0,0.0635632558065516,0.0635632558065516,0.064 ± 0.000,0.0129729846095693,0.0,0.0129729846095693,0.0129729846095693,0.013 ± 0.000,0.0362449338606753,0.0,0.0362449338606753,0.0362449338606753,0.036 ± 0.000,0.2035749155016444,0.0,0.2035749155016444,0.2035749155016444,0.204 ± 0.000,0.0283876845142118,0.0,0.0283876845142118,0.0283876845142118,0.028 ± 0.000,0.0318420384078183,0.0,0.0318420384078183,0.0318420384078183,0.032 ± 0.000,0.1816289700292061,0.0,0.1816289700292061,0.1816289700292061,0.182 ± 0.000,0.0248092980157769,0.0,0.0248092980157769,0.0248092980157769,0.025 ± 0.000,2.0,0.0,2.0,2.0,2.000 ± 0.000,,,,,,,,,,,,,,,,,,,,,,,,,,,,,,,,,,,,,,,,,,,,,,,,,,,,,,,,,,,,,,,,,,,,,,,,,,,,,,,,,,,,,,,,,,,,,,,,,,,,,,,,,,,,,,,,,,,,,,,,
Tox21_NR-AR,random,random_forest,1,0.9991397109428768,0.0,0.9991397109428768,0.9991397109428768,0.999 ± 0.000,0.989517819706499,0.0,0.989517819706499,0.989517819706499,0.990 ± 0.000,0.989128412101856,0.0,0.989128412101856,0.989128412101856,0.989 ± 0.000,0.9981887567378273,0.0,0.9981887567378273,0.9981887567378273,0.998 ± 0.000,0.9999289479123604,0.0,0.9999289479123604,0.9999289479123604,1.000 ± 0.000,0.962809917355372,0.0,0.962809917355372,0.962809917355372,0.963 ± 0.000,0.5846153846153846,0.0,0.5846153846153846,0.5846153846153846,0.585 ± 0.000,0.6105986158463654,0.0,0.6105986158463654,0.6105986158463654,0.611 ± 0.000,0.5217962641904685,0.0,0.5217962641904685,0.5217962641904685,0.522 ± 0.000,0.7508497733937617,0.0,0.7508497733937617,0.7508497733937617,0.751 ± 0.000,0.969738651994498,0.0,0.969738651994498,0.969738651994498,0.970 ± 0.000,0.4210526315789473,0.0,0.4210526315789473,0.4210526315789473,0.421 ± 0.000,0.4857064560341022,0.0,0.4857064560341022,0.4857064560341022,0.486 ± 0.000,0.3537665446200009,0.0,0.3537665446200009,0.3537665446200009,0.354 ± 0.000,0.6713269439778679,0.0,0.6713269439778679,0.6713269439778679,0.671 ± 0.000,0.0034249180569708,0.0,0.0034249180569708,0.0034249180569708,0.003 ± 0.000,0.0195384562126977,0.0,0.0195384562126977,0.0195384562126977,0.020 ± 0.000,0.0162105760428918,0.0,0.0162105760428918,0.0162105760428918,0.016 ± 0.000,0.0370216526738509,0.0,0.0370216526738509,0.0370216526738509,0.037 ± 0.000,0.2350205258209932,0.0,0.2350205258209932,0.2350205258209932,0.235 ± 0.000,0.0294350802288372,0.0,0.0294350802288372,0.0294350802288372,0.029 ± 0.000,0.0310197918172157,0.0,0.0310197918172157,0.0310197918172157,0.031 ± 0.000,0.2125159994851862,0.0,0.2125159994851862,0.2125159994851862,0.213 ± 0.000,0.0216184456911701,0.0,0.0216184456911701,0.0216184456911701,0.022 ± 0.000,,,,,,,,,,,,,,,,,,,,,,,,,,,,,,,,,,,,,,,,,,,,,,,,,,,,,,,,,,,,,,,,,,,,,,,,,,,,,,,,,,,,,,,,,,,,,,,,,,,,,,,,,,,,,,,,,,,,,,,,,,,,,
Tox21_NR-AR,random,xgboost,1,0.9874397797660014,0.0,0.9874397797660014,0.9874397797660014,0.987 ± 0.000,0.8179551122194514,0.0,0.8179551122194514,0.8179551122194514,0.818 ± 0.000,0.8256315269777955,0.0,0.8256315269777955,0.8256315269777955,0.826 ± 0.000,0.945828713552783,0.0,0.945828713552783,0.945828713552783,0.946 ± 0.000,0.9942083049631594,0.0,0.9942083049631594,0.9942083049631594,0.994 ± 0.000,0.962809917355372,0.0,0.962809917355372,0.962809917355372,0.963 ± 0.000,0.5846153846153846,0.0,0.5846153846153846,0.5846153846153846,0.585 ± 0.000,0.6105986158463654,0.0,0.6105986158463654,0.6105986158463654,0.611 ± 0.000,0.5464727812244917,0.0,0.5464727812244917,0.5464727812244917,0.546 ± 0.000,0.7695281258331111,0.0,0.7695281258331111,0.7695281258331111,0.770 ± 0.000,0.966987620357634,0.0,0.966987620357634,0.966987620357634,0.967 ± 0.000,0.4,0.0,0.4,0.4,0.400 ± 0.000,0.4353576427731405,0.0,0.4353576427731405,0.4353576427731405,0.435 ± 0.000,0.361119155208745,0.0,0.361119155208745,0.361119155208745,0.361 ± 0.000,0.7033642920660014,0.0,0.7033642920660014,0.7033642920660014,0.703 ± 0.000,0.0096160273731872,0.0,0.0096160273731872,0.0096160273731872,0.010 ± 0.000,0.0396120509715412,0.0,0.0396120509715412,0.0396120509715412,0.040 ± 0.000,0.0162004323051928,0.0,0.0162004323051928,0.0162004323051928,0.016 ± 0.000,0.0349103141260283,0.0,0.0349103141260283,0.0349103141260283,0.035 ± 0.000,0.1729291885084188,0.0,0.1729291885084188,0.1729291885084188,0.173 ± 0.000,0.0239783843527689,0.0,0.0239783843527689,0.0239783843527689,0.024 ± 0.000,0.0316963825767581,0.0,0.0316963825767581,0.0316963825767581,0.032 ± 0.000,0.1556992187048667,0.0,0.1556992187048667,0.1556992187048667,0.156 ± 0.000,0.0234468795789567,0.0,0.0234468795789567,0.0234468795789567,0.023 ± 0.000,,,,,,,,,,,,,,,,,,,,,,,,,,,,,,,,,,,,,,,,,,,,,,,,,,,,,,,,,,,,,,,,,,,,,,,,,,,,,,,,,,,,,,,,,,,,,,,,,,,,,,,,,,,,,,,,,,,,,,,,,,,,,
Tox21_NR-AR,scaffold,gin,5,0.9720578114246387,0.0016796579300572662,0.970406056434962,0.9748795595320028,0.972 ± 0.002,0.5701929275087744,0.014250411023013531,0.558974358974359,0.5944444444444444,0.570 ± 0.014,0.5862988706549797,0.0242169551397826,0.5648518784598234,0.628069855409993,0.586 ± 0.024,0.5499026054485076,0.029385335340083647,0.5214876492271074,0.5997031664504794,0.550 ± 0.029,0.8551489645615746,0.014245058933562153,0.8456648691450713,0.8803191547860387,0.855 ± 0.014,0.9606060606060606,0.003968281071869988,0.955922865013774,0.9669421487603306,0.961 ± 0.004,0.4767124382198175,0.024200818075579972,0.4482758620689655,0.5,0.477 ± 0.024,0.46740771058016656,0.03396987002120202,0.4280661861634449,0.5162617655585068,0.467 ± 0.034,0.4258118631420249,0.028866310682958956,0.3878788190746173,0.4654095641762972,0.426 ± 0.029,0.7648234870317003,0.0037362253396131307,0.758510446685879,0.7680115273775217,0.765 ± 0.004,0.9584594222833562,0.005621132528666435,0.9504814305364512,0.9656121045392022,0.958 ± 0.006,0.4357420357420357,0.0224691643967058,0.4,0.4615384615384615,0.436 ± 0.022,0.4299974223295838,0.03888663623506848,0.375202585129127,0.4770412415072892,0.430 ± 0.039,0.3839136494147405,0.052836957904221146,0.3496865696186987,0.4759256490397153,0.384 ± 0.053,0.7636061151079137,0.013242406489808494,0.7502697841726619,0.7834532374100719,0.764 ± 0.013,0.025283743356096417,0.0012617353344694764,0.0231220013282555,0.0264467225481905,0.025 ± 0.001,0.11182104505514737,0.005983067310729558,0.1016835934225263,0.1165063160516392,0.112 ± 0.006,0.00935306412814794,0.0035133603183211534,0.004244019957168,0.0136834402271303,0.009 ± 0.004,0.032980500502912714,0.0025594624230958923,0.0289221420701197,0.0360000395298612,0.033 ± 0.003,0.14182013418284323,0.008011302669641944,0.1294147087968644,0.1515590923402978,0.142 ± 0.008,0.01359888098483938,0.0014315788914161906,0.0123137427883749,0.0156967728419752,0.014 ± 0.001,0.035557927889211284,0.003709644996803628,0.029374437464188,0.0393383314105437,0.036 ± 0.004,0.14736206595967333,0.009719503451242293,0.1307382285747342,0.1563361737485464,0.147 ± 0.010,0.019022665860062637,0.0038123016842970944,0.0152586418161775,0.0252185550121349,0.019 ± 0.004,25.8,10.779610382569492,20.0,45.0,25.800 ± 10.780,,,,,,,,,,,,,,,,,,,,,,,,,,,,,,,,,,,,,,,,,,,,,,,,,,,,,,,,,,,,,,,,,,,,,,,,,,,,,,,,,,,,,,,,,,,,,,,,,,,,,,,,,,,,,,,,,,,,,,,,
Tox21_NR-AR,scaffold,mlp,5,0.9578458362009636,0.0,0.9578458362009636,0.9578458362009636,0.958 ± 0.000,0.0,0.0,0.0,0.0,0.000 ± 0.000,0.0,0.0,0.0,0.0,0.000 ± 0.000,0.5675582167361035,0.0,0.5675582167361035,0.5675582167361035,0.568 ± 0.000,0.8564811590165075,1.2412670766236366e-16,0.8564811590165076,0.8564811590165076,0.856 ± 0.000,0.955922865013774,0.0,0.955922865013774,0.955922865013774,0.956 ± 0.000,0.0,0.0,0.0,0.0,0.000 ± 0.000,0.0,0.0,0.0,0.0,0.000 ± 0.000,0.4407661568938515,0.0,0.4407661568938515,0.4407661568938515,0.441 ± 0.000,0.7599513688760807,0.0,0.7599513688760807,0.7599513688760807,0.760 ± 0.000,0.9559834938101787,1.2412670766236366e-16,0.9559834938101788,0.9559834938101788,0.956 ± 0.000,0.0,0.0,0.0,0.0,0.000 ± 0.000,0.0,0.0,0.0,0.0,0.000 ± 0.000,0.41158235778886476,6.206335383118183e-17,0.4115823577888648,0.4115823577888648,0.412 ± 0.000,0.6670863309352517,0.0,0.6670863309352517,0.6670863309352517,0.667 ± 0.000,0.028911889906881698,3.878959614448864e-18,0.0289118899068817,0.0289118899068817,0.029 ± 0.000,0.125170295638499,0.0,0.125170295638499,0.125170295638499,0.125 ± 0.000,0.039222208546771,0.0,0.039222208546771,0.039222208546771,0.039 ± 0.000,0.0340668498426796,0.0,0.0340668498426796,0.0340668498426796,0.034 ± 0.000,0.1519927257606455,0.0,0.1519927257606455,0.1519927257606455,0.152 ± 0.000,0.0217650287177216,0.0,0.0217650287177216,0.0217650287177216,0.022 ± 0.000,0.0352865152912253,0.0,0.0352865152912253,0.0352865152912253,0.035 ± 0.000,0.1974308791878005,0.0,0.1974308791878005,0.1974308791878005,0.197 ± 0.000,0.0228212841945866,0.0,0.0228212841945866,0.0228212841945866,0.023 ± 0.000,1.0,0.0,1.0,1.0,1.000 ± 0.000,,,,,,,,,,,,,,,,,,,,,,,,,,,,,,,,,,,,,,,,,,,,,,,,,,,,,,,,,,,,,,,,,,,,,,,,,,,,,,,,,,,,,,,,,,,,,,,,,,,,,,,,,,,,,,,,,,,,,,,,
Tox21_NR-AR,scaffold,random_forest,5,0.9979353062629045,1.2412670766236366e-16,0.9979353062629044,0.9979353062629044,0.998 ± 0.000,0.976,0.0,0.976,0.976,0.976 ± 0.000,0.9751346708695632,0.0,0.9751346708695632,0.9751346708695632,0.975 ± 0.000,0.9976213494261226,0.0005910007867515546,0.9969634260298754,0.9983261441754188,0.998 ± 0.001,0.9999095984720456,1.9859666622498183e-05,0.9998903890638348,0.9999336468914852,1.000 ± 0.000,0.9696969696969695,1.2412670766236366e-16,0.9696969696969696,0.9696969696969696,0.970 ± 0.000,0.5217391304347826,0.0,0.5217391304347826,0.5217391304347826,0.522 ± 0.000,0.5554328599589563,0.0,0.5554328599589563,0.5554328599589563,0.555 ± 0.000,0.44542160412867604,0.0033575856022537063,0.4421956028845259,0.4504388755284598,0.445 ± 0.003,0.6613337536023055,0.01015591285223085,0.6474018371757926,0.6719200288184438,0.661 ± 0.010,0.9686382393397525,0.000615149374828084,0.968363136176066,0.969738651994498,0.969 ± 0.001,0.4954589371980676,0.014691074634781226,0.4888888888888889,0.5217391304347826,0.495 ± 0.015,0.5332024246473169,0.01243629844638118,0.5276407429044003,0.5554491516189837,0.533 ± 0.012,0.4606166861799217,0.004245821105769354,0.4561400410092767,0.4663896118338807,0.461 ± 0.004,0.7689838129496402,0.012508231933709629,0.7505845323741007,0.7801034172661869,0.769 ± 0.013,0.00438979250071146,3.678914912884096e-05,0.004338050527679,0.0044302253638585,0.004 ± 0.000,0.0223398181301853,9.112539929573828e-05,0.0221778475495302,0.0223962911009246,0.022 ± 0.000,0.017638516306641518,0.00030179793245108615,0.0173590517739764,0.0181507271911881,0.018 ± 0.000,0.031092825235996917,0.00020580152260658437,0.0308083208114911,0.0312977536438215,0.031 ± 0.000,0.15389895928356528,0.006188614944315302,0.1489883358332397,0.1645057291689038,0.154 ± 0.006,0.0236741122582657,0.0009079087589327021,0.0226250168317721,0.0246895607735174,0.024 ± 0.001,0.03160225280166843,0.00022179854412186228,0.0312643737218893,0.031804991794341,0.032 ± 0.000,0.14589604881333876,0.008136298932001105,0.1411415558196999,0.1603603565481764,0.146 ± 0.008,0.025373278572317776,0.0008010839185020254,0.0240974980990035,0.0262011818031619,0.025 ± 0.001,,,,,,,,,,,,,,,,,,,,,,,,,,,,,,,,,,,,,,,,,,,,,,,,,,,,,,,,,,,,,,,,,,,,,,,,,,,,,,,,,,,,,,,,,,,,,,,,,,,,,,,,,,,,,,,,,,,,,,,,,,,,,
Tox21_NR-AR,scaffold,xgboost,5,0.9846868547832072,0.00021072692212513686,0.984342739160358,0.9848589125946318,0.985 ± 0.000,0.7789305463885277,0.00352524554048276,0.773067331670823,0.7821782178217822,0.779 ± 0.004,0.7915960243289345,0.0032126431130289437,0.7863555200581868,0.7942570712796914,0.792 ± 0.003,0.921747226916597,0.0013880854282509846,0.9203993733304352,0.9239931209080308,0.922 ± 0.001,0.9888078069381157,0.00017106241553584145,0.9885476734253968,0.9889846508030192,0.989 ± 0.000,0.9655647382920112,0.0009739762826261084,0.9641873278236914,0.9669421487603306,0.966 ± 0.001,0.48120205529020116,0.017292371750755643,0.4583333333333333,0.5,0.481 ± 0.017,0.4946055966117088,0.016866328286275687,0.4705537116810097,0.5162617655585068,0.495 ± 0.017,0.37198064478023957,0.004946962095785067,0.3664683274850393,0.3791666273474365,0.372 ± 0.005,0.6961365273775216,0.009731091265059067,0.683132204610951,0.7104196685878963,0.696 ± 0.010,0.9667125171939477,0.000615149374827935,0.9656121045392022,0.966987620357634,0.967 ± 0.001,0.4762257169287697,0.004550739639685076,0.4680851063829787,0.4782608695652174,0.476 ± 0.005,0.5028735664341903,0.008457937868164265,0.4877435472160424,0.5066560712387274,0.503 ± 0.008,0.4272941932442139,0.0069202935402058715,0.4183796261871276,0.4368739411538909,0.427 ± 0.007,0.7564388489208633,0.005726729984277226,0.7508093525179856,0.7647032374100718,0.756 ± 0.006,0.01136830434093054,6.74145528777726e-05,0.0112920464017967,0.0114611715565719,0.011 ± 0.000,0.04649722969520494,0.0002773870694718787,0.0461627303560238,0.0468610721271579,0.046 ± 0.000,0.01574191397529652,0.0006660181286667893,0.0150722268249657,0.0167896378961957,0.016 ± 0.001,0.0339860659033936,0.0002781138301123861,0.0335477839927323,0.0342857104447412,0.034 ± 0.000,0.1650828405647931,0.0018018004673561606,0.1625024189587752,0.1672035572668837,0.165 ± 0.002,0.02566543607138728,0.002080154259637791,0.0228595837139968,0.0283421008660363,0.026 ± 0.002,0.03208047143990209,0.0004022877283905811,0.031499746293414,0.0324173255343503,0.032 ± 0.000,0.14784096443905193,0.0019906016156792947,0.1456790940982057,0.1504885482273607,0.148 ± 0.002,0.01829111221229762,0.002465725618601666,0.0149354565955257,0.0207483727469568,0.018 ± 0.002,,,,,,,,,,,,,,,,,,,,,,,,,,,,,,,,,,,,,,,,,,,,,,,,,,,,,,,,,,,,,,,,,,,,,,,,,,,,,,,,,,,,,,,,,,,,,,,,,,,,,,,,,,,,,,,,,,,,,,,,,,,,,
Tox21_SR-p53,random,gin,1,0.9422402657316848,0.0,0.9422402657316848,0.9422402657316848,0.942 ± 0.000,0.2035623409669211,0.0,0.2035623409669211,0.2035623409669211,0.204 ± 0.000,0.2809612384640336,0.0,0.2809612384640336,0.2809612384640336,0.281 ± 0.000,0.373099685049955,0.0,0.373099685049955,0.373099685049955,0.373 ± 0.000,0.8437887603651314,0.0,0.8437887603651314,0.8437887603651314,0.844 ± 0.000,0.9453471196454948,0.0,0.9453471196454948,0.9453471196454948,0.945 ± 0.000,0.0512820512820512,0.0,0.0512820512820512,0.0512820512820512,0.051 ± 0.000,0.0690454750023517,0.0,0.0690454750023517,0.0690454750023517,0.069 ± 0.000,0.2116002890191544,0.0,0.2116002890191544,0.2116002890191544,0.212 ± 0.000,0.7861148197596796,0.0,0.7861148197596796,0.7861148197596796,0.786 ± 0.000,0.9203539823008848,0.0,0.9203539823008848,0.9203539823008848,0.920 ± 0.000,0.0357142857142857,0.0,0.0357142857142857,0.0357142857142857,0.036 ± 0.000,0.0278426882188054,0.0,0.0278426882188054,0.0278426882188054,0.028 ± 0.000,0.2466699665976701,0.0,0.2466699665976701,0.2466699665976701,0.247 ± 0.000,0.8141526881022679,0.0,0.8141526881022679,0.8141526881022679,0.814 ± 0.000,0.0480155043022767,0.0,0.0480155043022767,0.0480155043022767,0.048 ± 0.000,0.1775266003388327,0.0,0.1775266003388327,0.1775266003388327,0.178 ± 0.000,0.0047372249791447,0.0,0.0047372249791447,0.0047372249791447,0.005 ± 0.000,0.0452225397377915,0.0,0.0452225397377915,0.0452225397377915,0.045 ± 0.000,0.1784308777111743,0.0,0.1784308777111743,0.1784308777111743,0.178 ± 0.000,0.0139893078409963,0.0,0.0139893078409963,0.0139893078409963,0.014 ± 0.000,0.061148430826325,0.0,0.061148430826325,0.061148430826325,0.061 ± 0.000,0.215577791159158,0.0,0.215577791159158,0.215577791159158,0.216 ± 0.000,0.0181101041495877,0.0,0.0181101041495877,0.0181101041495877,0.018 ± 0.000,30.0,0.0,30.0,30.0,30.000 ± 0.000,,,,,,,,,,,,,,,,,,,,,,,,,,,,,,,,,,,,,,,,,,,,,,,,,,,,,,,,,,,,,,,,,,,,,,,,,,,,,,,,,,,,,,,,,,,,,,,,,,,,,,,,,,,,,,,,,,,,,,,,
Tox21_SR-p53,random,mlp,1,0.990404133603986,0.0,0.990404133603986,0.990404133603986,0.990 ± 0.000,0.9228486646884272,0.0,0.9228486646884272,0.9228486646884272,0.923 ± 0.000,0.9177511374587094,0.0,0.9177511374587094,0.9177511374587094,0.918 ± 0.000,0.9728977133740304,0.0,0.9728977133740304,0.9728977133740304,0.973 ± 0.000,0.9969441734606184,0.0,0.9969441734606184,0.9969441734606184,0.997 ± 0.000,0.9261447562776958,0.0,0.9261447562776958,0.9261447562776958,0.926 ± 0.000,0.21875,0.0,0.21875,0.21875,0.219 ± 0.000,0.1812264712690092,0.0,0.1812264712690092,0.1812264712690092,0.181 ± 0.000,0.2072096744981796,0.0,0.2072096744981796,0.2072096744981796,0.207 ± 0.000,0.6572763684913218,0.0,0.6572763684913218,0.6572763684913218,0.657 ± 0.000,0.9144542772861356,0.0,0.9144542772861356,0.9144542772861356,0.914 ± 0.000,0.3555555555555555,0.0,0.3555555555555555,0.3555555555555555,0.356 ± 0.000,0.3115430925485799,0.0,0.3115430925485799,0.3115430925485799,0.312 ± 0.000,0.3328120155873263,0.0,0.3328120155873263,0.3328120155873263,0.333 ± 0.000,0.7182440543785082,0.0,0.7182440543785082,0.7182440543785082,0.718 ± 0.000,0.0095983206016837,0.0,0.0095983206016837,0.0095983206016837,0.010 ± 0.000,0.0436404599084314,0.0,0.0436404599084314,0.0436404599084314,0.044 ± 0.000,0.0221518319398557,0.0,0.0221518319398557,0.0221518319398557,0.022 ± 0.000,0.0600827978661015,0.0,0.0600827978661015,0.0600827978661015,0.060 ± 0.000,0.3534296641191896,0.0,0.3534296641191896,0.3534296641191896,0.353 ± 0.000,0.0506882788878338,0.0,0.0506882788878338,0.0506882788878338,0.051 ± 0.000,0.0731762051031961,0.0,0.0731762051031961,0.0731762051031961,0.073 ± 0.000,0.3795898518657582,0.0,0.3795898518657582,0.3795898518657582,0.380 ± 0.000,0.074254751052246,0.0,0.074254751052246,0.074254751052246,0.074 ± 0.000,4.0,0.0,4.0,4.0,4.000 ± 0.000,,,,,,,,,,,,,,,,,,,,,,,,,,,,,,,,,,,,,,,,,,,,,,,,,,,,,,,,,,,,,,,,,,,,,,,,,,,,,,,,,,,,,,,,,,,,,,,,,,,,,,,,,,,,,,,,,,,,,,,,
Tox21_SR-p53,random,random_forest,1,0.999815464107769,0.0,0.999815464107769,0.999815464107769,1.000 ± 0.000,0.998522895125554,0.0,0.998522895125554,0.998522895125554,0.999 ± 0.000,0.998425719023062,0.0,0.998425719023062,0.998425719023062,0.998 ± 0.000,0.9999571242368114,0.0,0.9999571242368114,0.9999571242368114,1.000 ± 0.000,0.9999985483009316,0.0,0.9999985483009316,0.9999985483009316,1.000 ± 0.000,0.948301329394387,0.0,0.948301329394387,0.948301329394387,0.948 ± 0.000,0.054054054054054,0.0,0.054054054054054,0.054054054054054,0.054 ± 0.000,0.1102098142998617,0.0,0.1102098142998617,0.1102098142998617,0.110 ± 0.000,0.3198177314599702,0.0,0.3198177314599702,0.3198177314599702,0.320 ± 0.000,0.8542278593680463,0.0,0.8542278593680463,0.8542278593680463,0.854 ± 0.000,0.9321533923303836,0.0,0.9321533923303836,0.9321533923303836,0.932 ± 0.000,0.2068965517241379,0.0,0.2068965517241379,0.2068965517241379,0.207 ± 0.000,0.2662501611088947,0.0,0.2662501611088947,0.2662501611088947,0.266 ± 0.000,0.4179751137579418,0.0,0.4179751137579418,0.4179751137579418,0.418 ± 0.000,0.8373187112682912,0.0,0.8373187112682912,0.8373187112682912,0.837 ± 0.000,0.0065470729877781,0.0,0.0065470729877781,0.0065470729877781,0.007 ± 0.000,0.038657519548714,0.0,0.038657519548714,0.038657519548714,0.039 ± 0.000,0.0343214421998184,0.0,0.0343214421998184,0.0343214421998184,0.034 ± 0.000,0.0419664734459788,0.0,0.0419664734459788,0.0419664734459788,0.042 ± 0.000,0.1571468049674576,0.0,0.1571468049674576,0.1571468049674576,0.157 ± 0.000,0.0181852050214316,0.0,0.0181852050214316,0.0181852050214316,0.018 ± 0.000,0.0536426393612429,0.0,0.0536426393612429,0.0536426393612429,0.054 ± 0.000,0.1983215247775784,0.0,0.1983215247775784,0.1983215247775784,0.198 ± 0.000,0.0144106754555454,0.0,0.0144106754555454,0.0144106754555454,0.014 ± 0.000,,,,,,,,,,,,,,,,,,,,,,,,,,,,,,,,,,,,,,,,,,,,,,,,,,,,,,,,,,,,,,,,,,,,,,,,,,,,,,,,,,,,,,,,,,,,,,,,,,,,,,,,,,,,,,,,,,,,,,,,,,,,,
Tox21_SR-p53,random,xgboost,1,0.9721350802731132,0.0,0.9721350802731132,0.9721350802731132,0.972 ± 0.000,0.7145557655954632,0.0,0.7145557655954632,0.7145557655954632,0.715 ± 0.000,0.7337604876433759,0.0,0.7337604876433759,0.7337604876433759,0.734 ± 0.000,0.928674426724972,0.0,0.928674426724972,0.928674426724972,0.929 ± 0.000,0.9898505911318608,0.0,0.9898505911318608,0.9898505911318608,0.990 ± 0.000,0.948301329394387,0.0,0.948301329394387,0.948301329394387,0.948 ± 0.000,0.1860465116279069,0.0,0.1860465116279069,0.1860465116279069,0.186 ± 0.000,0.2214058511021842,0.0,0.2214058511021842,0.2214058511021842,0.221 ± 0.000,0.3086841923675029,0.0,0.3086841923675029,0.3086841923675029,0.309 ± 0.000,0.7804850912327547,0.0,0.7804850912327547,0.7804850912327547,0.780 ± 0.000,0.9292035398230089,0.0,0.9292035398230089,0.9292035398230089,0.929 ± 0.000,0.2258064516129032,0.0,0.2258064516129032,0.2258064516129032,0.226 ± 0.000,0.2517272780207767,0.0,0.2517272780207767,0.2517272780207767,0.252 ± 0.000,0.395607374143251,0.0,0.395607374143251,0.395607374143251,0.396 ± 0.000,0.831413646539697,0.0,0.831413646539697,0.831413646539697,0.831 ± 0.000,0.0201906557534975,0.0,0.0201906557534975,0.0201906557534975,0.020 ± 0.000,0.0804623924115825,0.0,0.0804623924115825,0.0804623924115825,0.080 ± 0.000,0.0378587163863097,0.0,0.0378587163863097,0.0378587163863097,0.038 ± 0.000,0.0429659584040403,0.0,0.0429659584040403,0.0429659584040403,0.043 ± 0.000,0.1703414607898743,0.0,0.1703414607898743,0.1703414607898743,0.170 ± 0.000,0.0146100076556513,0.0,0.0146100076556513,0.0146100076556513,0.015 ± 0.000,0.0556930391156138,0.0,0.0556930391156138,0.0556930391156138,0.056 ± 0.000,0.2051755132180301,0.0,0.2051755132180301,0.2051755132180301,0.205 ± 0.000,0.025463481947428,0.0,0.025463481947428,0.025463481947428,0.025 ± 0.000,,,,,,,,,,,,,,,,,,,,,,,,,,,,,,,,,,,,,,,,,,,,,,,,,,,,,,,,,,,,,,,,,,,,,,,,,,,,,,,,,,,,,,,,,,,,,,,,,,,,,,,,,,,,,,,,,,,,,,,,,,,,,
Tox21_SR-p53,scaffold,gin,5,0.9537922125853477,0.004223413424490358,0.9503598449898504,0.9603247831703268,0.954 ± 0.004,0.13857170379790373,0.1572732495923355,0.007380073800738,0.3731778425655976,0.139 ± 0.157,0.2222700898478477,0.16043544571063834,0.0593280485445691,0.4440882424353033,0.222 ± 0.160,0.457228058679484,0.10780393112950952,0.3479404335039723,0.60839424628297,0.457 ± 0.108,0.9065446724642685,0.029049186383505704,0.8732796012170648,0.9442272142019666,0.907 ± 0.029,0.8892171344165437,0.001809076619485351,0.8877400295420975,0.8921713441654358,0.889 ± 0.002,0.06208771620536324,0.06290730482386829,0.0,0.1411764705882353,0.062 ± 0.063,0.1083712965619911,0.07994871768543205,0.0,0.203847846180676,0.108 ± 0.080,0.32203822152523537,0.004112426018610506,0.3162370619514244,0.3257646727197106,0.322 ± 0.004,0.7435677379805588,0.005641887539528643,0.7362290918644365,0.7509633067694195,0.744 ± 0.006,0.8876106194690265,0.003672536754568908,0.8849557522123894,0.8938053097345132,0.888 ± 0.004,0.08679487179487178,0.10475386761864733,0.0,0.25,0.087 ± 0.105,0.11682065218181736,0.1069898839111866,0.0,0.2772164632696544,0.117 ± 0.107,0.29606520555813054,0.023224802527485943,0.2720575947633074,0.3296320034636513,0.296 ± 0.023,0.7017395250340341,0.011405140763466411,0.6877498541392053,0.7129027378611406,0.702 ± 0.011,0.03611762824007352,0.004111310089130599,0.030324608350622,0.0400866161783166,0.036 ± 0.004,0.13108468867674622,0.01668816742618949,0.1071386003511089,0.1483052258924069,0.131 ± 0.017,0.01281015681884054,0.0023955926015184815,0.0095127231283155,0.0147184559065205,0.013 ± 0.002,0.09128399878344956,0.0013213030578454344,0.089621606457592,0.0930459662010326,0.091 ± 0.001,0.33386879556104976,0.010256519619074842,0.3231570990616013,0.3477062804735267,0.334 ± 0.010,0.04670023173665122,0.005617542822904156,0.0389831186001981,0.0517984338239005,0.047 ± 0.006,0.09350742268589143,0.0009008960849890162,0.0927960049567285,0.0946874578131973,0.094 ± 0.001,0.3741054742896786,0.02543432586324379,0.3492886807290821,0.4163092892283019,0.374 ± 0.025,0.04579938003736334,0.0073661993249901185,0.037672697649327,0.055596592287312,0.046 ± 0.007,50.6,12.157302332343306,38.0,66.0,50.600 ± 12.157,,,,,,,,,,,,,,,,,,,,,,,,,,,,,,,,,,,,,,,,,,,,,,,,,,,,,,,,,,,,,,,,,,,,,,,,,,,,,,,,,,,,,,,,,,,,,,,,,,,,,,,,,,,,,,,,,,,,,,,,
Tox21_SR-p53,scaffold,mlp,5,0.999630928215538,0.0,0.999630928215538,0.999630928215538,1.000 ± 0.000,0.9962962962962963,0.0,0.9962962962962963,0.9962962962962963,0.996 ± 0.000,0.9961020838278557,1.2412670766236366e-16,0.9961020838278558,0.9961020838278558,0.996 ± 0.000,0.9997548010973937,1.2412670766236366e-16,0.9997548010973936,0.9997548010973936,1.000 ± 0.000,0.9999884911129812,0.0,0.9999884911129812,0.9999884911129812,1.000 ± 0.000,0.8714918759231904,1.2412670766236366e-16,0.8714918759231906,0.8714918759231906,0.871 ± 0.000,0.1386138613861386,0.0,0.1386138613861386,0.1386138613861386,0.139 ± 0.000,0.1040465197737502,0.0,0.1040465197737502,0.1040465197737502,0.104 ± 0.000,0.1770829972663069,0.0,0.1770829972663069,0.1770829972663069,0.177 ± 0.000,0.5848147823802435,0.0,0.5848147823802435,0.5848147823802435,0.585 ± 0.000,0.8864306784660767,0.0,0.8864306784660767,0.8864306784660767,0.886 ± 0.000,0.22222222222222224,3.1031676915590914e-17,0.2222222222222222,0.2222222222222222,0.222 ± 0.000,0.2230376155330879,0.0,0.2230376155330879,0.2230376155330879,0.223 ± 0.000,0.2722308035611999,0.0,0.2722308035611999,0.2722308035611999,0.272 ± 0.000,0.610043866283467,0.0,0.610043866283467,0.610043866283467,0.610 ± 0.000,0.0003607158988332,0.0,0.0003607158988332,0.0003607158988332,0.000 ± 0.000,0.0017792161233928998,2.42434975903054e-19,0.0017792161233929,0.0017792161233929,0.002 ± 0.000,0.0007657334214856,0.0,0.0007657334214856,0.0007657334214856,0.001 ± 0.000,0.1262044248745039,0.0,0.1262044248745039,0.1262044248745039,0.126 ± 0.000,1.446105673431263,0.0,1.446105673431263,1.446105673431263,1.446 ± 0.000,0.126896555572573,0.0,0.126896555572573,0.126896555572573,0.127 ± 0.000,0.10902479351893998,1.5515838457795457e-17,0.10902479351894,0.10902479351894,0.109 ± 0.000,1.3073933279578407,0.0,1.3073933279578407,1.3073933279578407,1.307 ± 0.000,0.10841268680661428,1.5515838457795457e-17,0.1084126868066143,0.1084126868066143,0.108 ± 0.000,12.0,0.0,12.0,12.0,12.000 ± 0.000,,,,,,,,,,,,,,,,,,,,,,,,,,,,,,,,,,,,,,,,,,,,,,,,,,,,,,,,,,,,,,,,,,,,,,,,,,,,,,,,,,,,,,,,,,,,,,,,,,,,,,,,,,,,,,,,,,,,,,,,
Tox21_SR-p53,scaffold,random_forest,5,0.9988927846466138,0.0,0.9988927846466138,0.9988927846466138,0.999 ± 0.000,0.989010989010989,0.0,0.989010989010989,0.989010989010989,0.989 ± 0.000,0.9884942725254788,0.0,0.9884942725254788,0.9884942725254788,0.988 ± 0.000,0.9997321846683687,0.00028141156741239107,0.9992320103909736,0.9999057672809686,1.000 ± 0.000,0.9999886349740692,1.3451204029431544e-05,0.9999647540335052,0.9999971227782454,1.000 ± 0.000,0.8918759231905466,0.0006605813818315445,0.8906942392909897,0.8921713441654358,0.892 ± 0.001,0.07101590392729631,0.011031558993183033,0.0512820512820512,0.0759493670886076,0.071 ± 0.011,0.1807040193313452,0.015447202916472533,0.1530712227045727,0.1876122184880383,0.181 ± 0.015,0.3471284809190208,0.009518916872633792,0.3339377582077308,0.3602688446659551,0.347 ± 0.010,0.7558914966284263,0.006039621979165937,0.7460044662404764,0.7621617479639198,0.756 ± 0.006,0.8938053097345133,1.2412670766236366e-16,0.8938053097345132,0.8938053097345132,0.894 ± 0.000,0.12195121951219509,1.5515838457795457e-17,0.1219512195121951,0.1219512195121951,0.122 ± 0.000,0.2408071309841123,0.0,0.2408071309841123,0.2408071309841123,0.241 ± 0.000,0.37784595707502777,0.007268408384462461,0.3693522949185187,0.3868520661148374,0.378 ± 0.007,0.7452406162888692,0.005290186485247037,0.741653521187631,0.7543488125850855,0.745 ± 0.005,0.0053299300298461205,2.1326598474180128e-05,0.0052937546625816,0.0053466356119045,0.005 ± 0.000,0.030994771976677903,9.200347041940697e-05,0.0308862780545049,0.0310957655297819,0.031 ± 0.000,0.02682396425830858,0.0001717118305925916,0.0266117408244956,0.0269967893986115,0.027 ± 0.000,0.09068180280263832,0.0002992244493066604,0.0903574950990195,0.0910658798999866,0.091 ± 0.000,0.31423628406167137,0.0019091002112690352,0.3119289834658966,0.3160066347323494,0.314 ± 0.002,0.038716850453731556,0.00153794469620041,0.0367697047991744,0.0407248192659225,0.039 ± 0.002,0.08816411388613768,0.0003521133510252682,0.0875661832114543,0.0884574663814952,0.088 ± 0.000,0.31105066902852707,0.001644369762992936,0.3084820633676307,0.3128628996829518,0.311 ± 0.002,0.031610000131871034,0.0016663750942279769,0.0300387680673236,0.034410293756239,0.032 ± 0.002,,,,,,,,,,,,,,,,,,,,,,,,,,,,,,,,,,,,,,,,,,,,,,,,,,,,,,,,,,,,,,,,,,,,,,,,,,,,,,,,,,,,,,,,,,,,,,,,,,,,,,,,,,,,,,,,,,,,,,,,,,,,,
Tox21_SR-p53,scaffold,xgboost,5,0.977449713969367,0.0007541176136446424,0.976563941686658,0.9782247647167374,0.977 ± 0.001,0.7093836318924962,0.012079043214062552,0.6954436450839329,0.7216981132075472,0.709 ± 0.012,0.7310607079724971,0.010419057671900257,0.7187650814201233,0.7417585758712446,0.731 ± 0.010,0.9069475046239519,0.004594505459765902,0.9005492649543354,0.9122069845333204,0.907 ± 0.005,0.9895510814757271,0.0005454960461251264,0.9886234651820204,0.9900092071096148,0.990 ± 0.001,0.8898079763663219,0.001321162763663089,0.8877400295420975,0.8906942392909897,0.890 ± 0.001,0.10070567986230634,0.02999587371299492,0.05,0.119047619047619,0.101 ± 0.030,0.1552400726290845,0.036093454426073486,0.0946907898452729,0.177612609588712,0.155 ± 0.036,0.2885452261418208,0.009769466769956917,0.2818251948607519,0.3058112636853276,0.289 ± 0.010,0.7041115684385674,0.002931050801736337,0.7009808214379544,0.7081399422015939,0.704 ± 0.003,0.8864306784660767,0.0010429303557323464,0.8849557522123894,0.887905604719764,0.886 ± 0.001,0.1790236787920384,0.00966217432131932,0.1720430107526881,0.1914893617021276,0.179 ± 0.010,0.19418631143404053,0.00906158481522047,0.1893431898377415,0.2101839937849674,0.194 ± 0.009,0.33728997083640466,0.006166956682889203,0.3306905099419286,0.3456594831182951,0.337 ± 0.006,0.7529874451671457,0.004751844634267022,0.748427944767379,0.7608531235819092,0.753 ± 0.005,0.016773727941197143,0.00023531557107384193,0.0165035313040576,0.0170849240010223,0.017 ± 0.000,0.06672473362377225,0.0008478097979574251,0.0657300902376465,0.0679444918262447,0.067 ± 0.001,0.025876540266641424,0.0003831678355014543,0.0253783163610618,0.0264221608228355,0.026 ± 0.000,0.09545318338350639,0.0005437858559420511,0.0947395601477302,0.0960455222171819,0.095 ± 0.001,0.37652753279953066,0.002679551887745187,0.372436957608265,0.3790588344917359,0.377 ± 0.003,0.06713277593122974,0.002349139684251517,0.0651653568278255,0.0708313978894818,0.067 ± 0.002,0.09436805869061962,0.0005334987191682489,0.0936039650087667,0.0948445312522326,0.094 ± 0.001,0.3546297102843462,0.0016549183801552677,0.3528309282680601,0.3570009743376758,0.355 ± 0.002,0.06698141572859609,0.002212545003802415,0.0647226241266129,0.0698541970731234,0.067 ± 0.002,,,,,,,,,,,,,,,,,,,,,,,,,,,,,,,,,,,,,,,,,,,,,,,,,,,,,,,,,,,,,,,,,,,,,,,,,,,,,,,,,,,,,,,,,,,,,,,,,,,,,,,,,,,,,,,,,,,,,,,,,,,,,
